url_origem,0
https://www.ufpe.br/acessibilidade,3295
https://www.ufpe.br/perguntas-frequentes,3295
https://www.ufpe.br/servicos,3295
https://maceio.al.gov.br,133
https://www5.usp.br,99
https://ufal.br/transparencia,84
https://www.ufpb.br/noticias,75
https://maceio.al.gov.br/noticias,69
https://maceio.al.gov.br/transparencia,68
https://maceio.al.gov.br/editais,68
https://maceio.al.gov.br/documentos,68
https://maceio.al.gov.br/perguntas-frequentes,68
https://maceio.al.gov.br/servicos,68
https://maceio.al.gov.br/acessibilidade,68
https://maceio.al.gov.br/contato,68
https://maceio.al.gov.br/sobre,68
https://ufg.br,67
https://www.ufms.br,60
https://www.ufrgs.br,59
https://saude.al.gov.br,56
https://www.ufms.br/transparencia,56
https://www5.usp.br/noticias,47
https://www.ufms.br/acessibilidade,46
https://www.unesp.br/noticias,46
https://www.ufms.br/sobre,43
https://www.ufms.br/editais,43
https://www.ufms.br/contato,43
https://www.ufms.br/documentos,43
https://www.ufms.br/perguntas-frequentes,43
https://www.ufms.br/servicos,42
https://www.finep.gov.br/noticias,41
https://www.unesp.br/transparencia,39
https://www.unb.br,38
https://fapeal.br,37
https://www.unb.br/acessibilidade,36
https://ufrr.br,34
https://ufrr.br/noticias,33
https://www.unicamp.br,33
https://www.unb.br/perguntas-frequentes,33
https://www.ufba.br,32
https://www.ufpr.br/contato,31
https://www.ufpr.br/perguntas-frequentes,31
https://www.ufpr.br,31
https://www.ufrn.br,30
https://ufsc.br/servicos,30
https://www.unifap.br,27
https://www.ufs.br,27
https://ufsc.br,25
https://www.ufpe.br/editais,24
https://www.ufrn.br/servicos,24
https://www.unicamp.br/editais,23
https://www.tjal.jus.br/transparencia,23
https://www.tjal.jus.br,23
https://www.unicamp.br/contato,23
https://www5.usp.br/servicos,22
https://fapeal.br/contato,22
https://www.ifrn.edu.br/acessibilidade,22
https://www.uft.edu.br,21
https://www.unicamp.br/noticias,20
https://www.ufac.br/servicos,19
https://www.ufac.br/contato,19
https://www.ufac.br,19
https://ufsc.br/acessibilidade,19
https://fapeal.br/editais,19
https://www.unicamp.br/servicos,18
https://www.unicamp.br/transparencia,18
https://www.unicamp.br/sobre,18
https://www.unicamp.br/perguntas-frequentes,18
https://www.unicamp.br/documentos,18
https://www.unicamp.br/acessibilidade,18
https://www5.usp.br/acessibilidade,17
https://www.uft.edu.br/transparencia,17
https://www5.usp.br/sobre,17
https://www5.usp.br/documentos,17
https://www.ufba.br/servicos,17
https://www.tjal.jus.br/noticias,17
https://www5.usp.br/editais,17
https://www5.usp.br/perguntas-frequentes,17
https://www.ufba.br/noticias,16
https://www.ufpr.br/acessibilidade,16
https://www.uft.edu.br/sobre,15
https://www.uft.edu.br/perguntas-frequentes,15
https://www.uft.edu.br/documentos,15
https://www.uft.edu.br/acessibilidade,15
https://www.uft.edu.br/contato,15
https://www.ufpe.br/transparencia,15
https://ufsc.br/contato,15
https://ufsc.br/perguntas-frequentes,15
https://ufsc.br/sobre,15
https://www5.usp.br/contato,15
https://fapeal.br/servicos,15
https://ufsc.br/transparencia,15
https://ufsc.br/editais,15
https://ufsc.br/documentos,15
https://www.ufpe.br,15
https://ufsc.br/noticias,15
https://fapeal.br/perguntas-frequentes,14
https://www.ifpe.edu.br/transparencia,14
https://www.ufpb.br/contato,14
https://www.ufpb.br/sobre,14
https://www.ifpe.edu.br/servicos,14
https://www.ufpb.br/perguntas-frequentes,14
https://www.ufpb.br/transparencia,14
https://www.uft.edu.br/noticias,14
https://www.ufpb.br/servicos,14
https://www.ufpb.br/editais,14
https://saude.al.gov.br/noticias,14
https://ufrj.br,14
https://www.ufpb.br/documentos,14
https://www.ufpb.br/acessibilidade,14
https://www.ufpb.br,14
https://www.ifpe.edu.br/editais,14
https://www.ifpe.edu.br/perguntas-frequentes,14
https://www.ifpe.edu.br/noticias,14
https://www.ifpe.edu.br/sobre,14
https://www.ifpe.edu.br/contato,14
https://www.ifpe.edu.br/acessibilidade,14
https://www.ifpe.edu.br,14
https://www.ifpe.edu.br/documentos,14
https://www.uft.edu.br/servicos,13
https://fapeal.br/acessibilidade,13
https://www.uft.edu.br/editais,13
https://www.gov.br/cnpq/pt-br,13
https://fapeal.br/documentos,13
https://fapeal.br/transparencia,13
https://fapeal.br/sobre,13
https://fapeal.br/noticias,13
https://www.ufpr.br/editais,12
https://www.ufpr.br/noticias,12
https://www.ufpr.br/servicos,12
https://www.ufpr.br/sobre,12
https://www.ufpr.br/transparencia,12
https://www.ufba.br/acessibilidade,12
https://www.ufpr.br/documentos,12
https://www.ufac.br/transparencia,11
https://www.ufac.br/sobre,11
https://ufrr.br/contato,11
https://ufrr.br/transparencia,11
https://ufrr.br/editais,11
https://ufrr.br/acessibilidade,11
https://ufrr.br/sobre,11
https://ufrr.br/documentos,11
https://ufrr.br/servicos,11
https://ufrr.br/perguntas-frequentes,11
https://www.ufac.br/documentos,11
https://ufal.br/perguntas-frequentes,10
https://ufg.br/transparencia,10
https://www.unesp.br,10
https://ufrj.br/perguntas-frequentes,10
https://saude.al.gov.br/perguntas-frequentes,10
https://www.gov.br/capes/pt-br,10
https://ufg.br/servicos,10
https://ufg.br/perguntas-frequentes,10
https://ufg.br/sobre,10
https://ufg.br/acessibilidade,10
https://ufg.br/noticias,10
https://ufg.br/documentos,10
https://www.gov.br/pt-br,10
https://ufg.br/editais,10
https://ufg.br/contato,10
https://www.ufs.br/servicos,9
https://www.ufs.br/editais,9
https://www.unifap.br/servicos,9
https://saude.al.gov.br/acessibilidade,9
https://saude.al.gov.br/editais,9
https://www.ufpe.br/contato,9
https://www.ufs.br/contato,9
https://www.ufs.br/acessibilidade,9
https://www.ufpe.br/sobre,9
https://www.ufpe.br/noticias,9
https://www.ufs.br/noticias,9
https://www.ufs.br/perguntas-frequentes,9
https://www.ufs.br/transparencia,9
https://www.ufs.br/sobre,9
https://ufrj.br/servicos,9
https://ufal.br/editais,9
https://www.gov.br/mds/pt-br,9
https://ufal.br,9
https://saude.al.gov.br/transparencia,9
https://saude.al.gov.br/sobre,9
https://saude.al.gov.br/servicos,9
https://saude.al.gov.br/contato,9
https://ufal.br/acessibilidade,9
https://ufrj.br/sobre,8
https://www.gov.br/saude/pt-br,8
https://ufal.br/sobre,8
https://www.gov.br/fazenda/pt-br,8
https://www.ufac.br/perguntas-frequentes,8
https://www.gov.br/mcti/pt-br,8
https://ufrj.br/transparencia,8
https://www.ufac.br/acessibilidade,8
https://ufal.br/documentos,8
https://saude.al.gov.br/documentos,8
https://www.gov.br/mds/pt-br/servicos,8
https://www.inep.gov.br/contato,7
https://www.inep.gov.br/acessibilidade,7
https://www.inep.gov.br/documentos,7
https://www.gov.br/mcti/pt-br/noticias,7
https://www.inep.gov.br/sobre,7
https://www.inep.gov.br/transparencia,7
https://www.inep.gov.br/noticias,7
https://ufal.br/servicos,7
https://www.gov.br/pt-br/servicos,7
https://www.finep.gov.br,7
https://ufrj.br/documentos,7
https://www.ufba.br/contato,6
https://www.ufba.br/documentos,6
https://www.ufba.br/sobre,6
https://www.ufba.br/editais,6
https://www.gov.br/mcti/pt-br/servicos,6
https://www.ufrgs.br/contato,6
https://www.ufmt.br/acessibilidade,6
https://www.ufba.br/perguntas-frequentes,6
https://www.gov.br/capes/pt-br/servicos,6
https://www.ufba.br/transparencia,6
https://www.ufrgs.br/acessibilidade,6
https://www.ufrgs.br/documentos,6
https://www.ufrgs.br/editais,6
https://www.ufrgs.br/noticias,6
https://www.ufrgs.br/perguntas-frequentes,6
https://www.gov.br/mec/pt-br/perguntas-frequentes,6
https://www.gov.br/pt-br/acessibilidade,6
https://www.ifba.edu.br,6
https://www.gov.br/pt-br/sobre,6
https://www.ufrgs.br/sobre,6
https://www.ufrgs.br/transparencia,6
https://www.ufrgs.br/servicos,6
https://www.ufmt.br,5
https://ufrj.br/contato,5
https://ufrj.br/noticias,5
https://www.ufac.br/noticias,5
https://www.trt19.jus.br/transparencia,4
https://www.trt19.jus.br/acessibilidade,4
https://www.trt19.jus.br/perguntas-frequentes,4
https://www.ifrn.edu.br/transparencia,4
https://www.ifrn.edu.br/sobre,4
https://www.ifrn.edu.br/noticias,4
https://www.ifrn.edu.br/editais,4
https://www.trt19.jus.br/contato,4
https://www.trt19.jus.br/documentos,4
https://www.ifrn.edu.br/servicos,4
https://www.ifrn.edu.br/perguntas-frequentes,4
https://www.trt19.jus.br/servicos,4
https://www.trt19.jus.br/noticias,4
https://www.trt19.jus.br,4
https://ufrj.br/acessibilidade,4
https://ufrj.br/editais,4
https://www.trt19.jus.br/sobre,4
https://www.trt19.jus.br/editais,4
https://www.ifrn.edu.br/documentos,4
https://www.ifrn.edu.br/contato,4
https://www.ifrn.edu.br,4
https://www.ufma.br,3
https://www.unifap.br/contato,3
https://www.unesp.br/editais,3
https://www.unesp.br/documentos,3
https://www.unesp.br/contato,3
https://www.unesp.br/acessibilidade,3
https://www.gov.br/pt-br/noticias,3
https://www.unesp.br/sobre,3
https://www.unesp.br/servicos,3
https://www.unesp.br/perguntas-frequentes,3
https://www.unifap.br/acessibilidade,3
https://www.ifce.edu.br/sobre,2
https://www.ifce.edu.br/servicos,2
https://www.ifce.edu.br/editais,2
https://www.ifce.edu.br/noticias,2
https://www.ifce.edu.br/transparencia,2
https://www.tjal.jus.br/sobre,2
https://www.tjal.jus.br/documentos,2
https://www.tjal.jus.br/servicos,2
https://www.ifce.edu.br/perguntas-frequentes,2
https://www.ifce.edu.br/documentos,2
https://www.unifap.br/perguntas-frequentes,2
https://www.unifap.br/noticias,2
https://www.tjal.jus.br/editais,2
https://ufmg.br/contato,2
https://www.gov.br/pt-br/transparencia,2
https://ufmg.br/acessibilidade,2
https://ufmg.br,2
https://www.gov.br/pt-br/perguntas-frequentes,2
https://www.gov.br/pt-br/documentos,2
https://www.ufrn.br/sobre,2
https://www.ifba.edu.br/perguntas-frequentes,2
https://www.gov.br/pt-br/editais,2
https://www.ifba.edu.br/acessibilidade,2
https://www.ifba.edu.br/editais,2
https://www.gov.br/pt-br/contato,2
https://www.ufrn.br/contato,2
https://www.ufrn.br/documentos,2
https://www.ufrn.br/editais,2
https://www.ufrn.br/acessibilidade,2
https://www.ufrn.br/noticias,2
https://www.ufrn.br/perguntas-frequentes,2
https://www.ifba.edu.br/noticias,2
https://www.ufmt.br/transparencia,2
https://www.ifce.edu.br/acessibilidade,2
https://www.ifce.edu.br,2
https://www.ifba.edu.br/contato,2
https://www.ifba.edu.br/documentos,2
https://ufmg.br/transparencia,2
https://www.ufmt.br/noticias,2
https://www.ufmt.br/editais,2
https://www.ufmt.br/documentos,2
https://www.ufma.br/acessibilidade,2
https://www.ufma.br/contato,2
https://www.ufma.br/documentos,2
https://www.ufac.br/editais,2
https://www.ufmt.br/contato,2
https://www.ufma.br/perguntas-frequentes,2
https://www.ufma.br/sobre,2
https://www.tjal.jus.br/perguntas-frequentes,2
https://www.tjal.jus.br/acessibilidade,2
https://www.tjal.jus.br/contato,2
https://ufmg.br/servicos,2
https://ufmg.br/sobre,2
https://www.ufmt.br/servicos,2
https://www.ufmt.br/sobre,2
https://ufmg.br/perguntas-frequentes,2
https://www.ifce.edu.br/contato,2
https://ufmg.br/editais,2
https://ufmg.br/documentos,2
https://ufmg.br/noticias,2
https://www.ifba.edu.br/servicos,2
https://www.ufmt.br/perguntas-frequentes,2
https://www.ufma.br/servicos,2
https://www.ifba.edu.br/transparencia,2
https://www.ufma.br/noticias,2
https://www.ufma.br/transparencia,2
https://www.ifba.edu.br/sobre,2
https://www.unifap.br/transparencia,1
https://www.gov.br/mds/pt-br/documentos,1
https://www.unifap.br/documentos,1
https://www.gov.br/mds/pt-br/perguntas-frequentes,1
https://www.gov.br/mds/pt-br/editais,1
https://www.gov.br/mds/pt-br/transparencia,1
https://www.gov.br/mec/pt-br/documentos,1
https://www.gov.br/mec/pt-br/contato,1
https://www.gov.br/mec/pt-br/acessibilidade,1
https://ufal.br/noticias,1
https://www.gov.br/fazenda/pt-br/acessibilidade,1
https://www.gov.br/cnpq/pt-br/transparencia,1
https://www.gov.br/mcti/pt-br/sobre,1
https://www.gov.br/mcti/pt-br/transparencia,1
https://www.gov.br/mds/pt-br/acessibilidade,1
https://www.gov.br/cnpq/pt-br/perguntas-frequentes,1
https://www.gov.br/cnpq/pt-br/servicos,1
https://www.gov.br/capes/pt-br/transparencia,1
https://www.gov.br/cnpq/pt-br/acessibilidade,1
https://www.gov.br/cnpq/pt-br/contato,1
https://www.gov.br/cnpq/pt-br/editais,1
https://www.gov.br/cnpq/pt-br/documentos,1
https://www.gov.br/cnpq/pt-br/noticias,1
https://www.gov.br/cnpq/pt-br/sobre,1
https://www.tre-al.jus.br/servicos,1
https://www.tre-al.jus.br/perguntas-frequentes,1
https://www.tre-al.jus.br/noticias,1
https://www.tre-al.jus.br/editais,1
https://www.tre-al.jus.br/documentos,1
https://www.tre-al.jus.br/contato,1
https://www.tre-al.jus.br/transparencia,1
https://www.tre-al.jus.br/sobre,1
https://www.tre-al.jus.br/acessibilidade,1
https://www.gov.br/mds/pt-br/contato,1
https://www.gov.br/mds/pt-br/sobre,1
https://www.gov.br/fazenda/pt-br/contato,1
https://www.gov.br/fazenda/pt-br/documentos,1
https://www.gov.br/fazenda/pt-br/editais,1
https://www.gov.br/capes/pt-br/perguntas-frequentes,1
https://www.gov.br/capes/pt-br/noticias,1
https://www.gov.br/capes/pt-br/editais,1
https://www.gov.br/capes/pt-br/sobre,1
https://www.gov.br/mcti/pt-br/contato,1
https://www.gov.br/mcti/pt-br/acessibilidade,1
https://www.gov.br/fazenda/pt-br/sobre,1
https://www.gov.br/fazenda/pt-br/transparencia,1
https://www.gov.br/mcti/pt-br/editais,1
https://www.gov.br/mcti/pt-br/documentos,1
https://www.gov.br/fazenda/pt-br/perguntas-frequentes,1
https://www.gov.br/fazenda/pt-br/servicos,1
https://www.gov.br/fazenda/pt-br/noticias,1
https://www.gov.br/capes/pt-br/documentos,1
https://www.gov.br/capes/pt-br/acessibilidade,1
https://www.gov.br/capes/pt-br/contato,1
https://www.gov.br/saude/pt-br/acessibilidade,1
https://www.gov.br/saude/pt-br/noticias,1
https://www.gov.br/saude/pt-br/perguntas-frequentes,1
https://www.gov.br/saude/pt-br/servicos,1
https://www.gov.br/saude/pt-br/transparencia,1
https://www.gov.br/saude/pt-br/sobre,1
https://www.gov.br/saude/pt-br/contato,1
https://www.gov.br/saude/pt-br/documentos,1
https://www.gov.br/saude/pt-br/editais,1
https://www.gov.br/mec/pt-br/servicos,1
https://www.gov.br/mec/pt-br/sobre,1
https://www.gov.br/mec/pt-br/transparencia,1
https://www.gov.br/mec/pt-br/noticias,1
https://www.unb.br/editais,1
https://www.unb.br/documentos,1
https://www.unb.br/contato,1
https://www.unb.br/noticias,1
https://www.unb.br/transparencia,1
https://www.unb.br/servicos,1
https://www.unb.br/sobre,1
