url_origem,accesskeys,aria-allowed-attr,aria-command-name,aria-hidden-focus,aria-input-field-name,aria-required-children,aria-required-parent,button-name,color-contrast,definition-list,document-title,frame-title,heading-order,html-has-lang,image-alt,input-button-name,label,label-content-name-mismatch,landmark-one-main,link-in-text-block,link-name,list,listitem,meta-viewport,select-name,skip-link,tabindex,target-size,td-has-header
https://fapeal.br,0,0,0,1,0,0,0,0,5,0,0,0,1,0,1,0,0,0,1,0,24,0,0,0,0,0,0,4,0
https://fapeal.br/acessibilidade,0,0,0,0,0,0,0,0,2,0,0,0,0,0,1,0,0,0,0,0,6,0,0,0,0,0,0,4,0
https://fapeal.br/contato,0,0,0,0,0,0,0,0,9,0,0,0,1,0,1,0,0,0,0,0,6,1,0,0,0,0,0,4,0
https://fapeal.br/documentos,0,0,0,0,0,0,0,0,2,0,0,0,0,0,1,0,0,0,0,0,6,0,0,0,0,0,0,4,0
https://fapeal.br/editais,0,0,0,0,0,0,0,0,5,0,0,0,1,0,1,0,0,0,0,0,6,0,0,0,0,0,0,6,0
https://fapeal.br/noticias,0,0,0,0,0,0,0,0,2,0,0,0,0,0,1,0,0,0,0,0,6,0,0,0,0,0,0,4,0
https://fapeal.br/perguntas-frequentes,0,0,0,0,0,0,0,0,2,0,0,0,1,0,1,0,0,0,0,0,6,0,0,0,0,0,0,4,0
https://fapeal.br/servicos,0,0,0,0,0,0,0,0,2,0,0,1,1,0,1,0,0,0,0,0,6,0,0,0,0,0,0,4,0
https://fapeal.br/sobre,0,0,0,0,0,0,0,0,2,0,0,0,0,0,1,0,0,0,0,0,6,0,0,0,0,0,0,4,0
https://fapeal.br/transparencia,0,0,0,0,0,0,0,0,2,0,0,0,0,0,1,0,0,0,0,0,6,0,0,0,0,0,0,4,0
https://maceio.al.gov.br,0,0,0,0,0,0,0,2,14,0,0,1,1,0,55,0,0,0,0,0,4,0,0,0,0,0,0,56,0
https://maceio.al.gov.br/acessibilidade,0,0,0,0,0,0,0,3,8,0,0,0,0,0,0,0,0,0,0,0,1,0,0,0,0,0,0,56,0
https://maceio.al.gov.br/contato,0,0,0,0,0,0,0,3,8,0,0,0,0,0,0,0,0,0,0,0,1,0,0,0,0,0,0,56,0
https://maceio.al.gov.br/documentos,0,0,0,0,0,0,0,3,8,0,0,0,0,0,0,0,0,0,0,0,1,0,0,0,0,0,0,56,0
https://maceio.al.gov.br/editais,0,0,0,0,0,0,0,3,8,0,0,0,0,0,0,0,0,0,0,0,1,0,0,0,0,0,0,56,0
https://maceio.al.gov.br/noticias,0,0,0,0,0,0,0,2,10,0,0,0,0,0,0,0,0,0,0,0,1,0,0,0,0,0,0,56,0
https://maceio.al.gov.br/perguntas-frequentes,0,0,0,0,0,0,0,3,8,0,0,0,0,0,0,0,0,0,0,0,1,0,0,0,0,0,0,56,0
https://maceio.al.gov.br/servicos,0,0,0,0,0,0,0,3,8,0,0,0,0,0,0,0,0,0,0,0,1,0,0,0,0,0,0,56,0
https://maceio.al.gov.br/sobre,0,0,0,0,0,0,0,3,8,0,0,0,0,0,0,0,0,0,0,0,1,0,0,0,0,0,0,56,0
https://maceio.al.gov.br/transparencia,0,0,0,0,0,0,0,3,8,0,0,0,0,0,0,0,0,0,0,0,1,0,0,0,0,0,0,56,0
https://saude.al.gov.br,0,1,0,0,0,0,0,0,4,0,0,0,0,0,0,0,0,0,0,0,48,0,0,0,0,0,0,3,0
https://saude.al.gov.br/acessibilidade,0,0,0,0,0,0,0,0,0,0,0,0,0,0,0,0,0,0,1,0,8,0,0,0,0,0,0,0,0
https://saude.al.gov.br/contato,0,0,0,0,0,0,0,0,0,0,0,0,0,0,0,0,0,0,1,0,8,0,0,0,0,0,0,0,0
https://saude.al.gov.br/documentos,0,0,0,0,0,0,0,0,0,0,0,0,0,0,0,0,0,0,1,0,7,0,0,0,0,0,0,0,0
https://saude.al.gov.br/editais,0,0,0,0,0,0,0,0,0,0,0,0,0,0,0,0,0,0,1,0,8,0,0,0,0,0,0,0,0
https://saude.al.gov.br/noticias,0,0,0,0,0,0,0,0,3,0,0,0,1,0,0,0,0,0,1,1,8,0,0,0,0,0,0,0,0
https://saude.al.gov.br/perguntas-frequentes,0,0,0,0,0,0,0,0,1,0,0,0,0,0,0,0,0,0,1,0,8,0,0,0,0,0,0,0,0
https://saude.al.gov.br/servicos,0,0,0,0,0,0,0,0,0,0,0,0,0,0,0,0,0,0,1,0,8,0,0,0,0,0,0,0,0
https://saude.al.gov.br/sobre,0,0,0,0,0,0,0,0,0,0,0,0,0,0,0,0,0,0,1,0,8,0,0,0,0,0,0,0,0
https://saude.al.gov.br/transparencia,0,0,0,0,0,0,0,0,0,0,0,0,0,0,0,0,0,0,1,0,8,0,0,0,0,0,0,0,0
https://ufal.br,0,0,0,0,0,0,0,0,9,0,0,0,0,0,0,0,0,0,0,0,0,0,0,0,0,0,0,0,0
https://ufal.br/acessibilidade,0,0,0,0,0,0,0,0,1,0,0,0,0,0,0,0,0,0,0,2,0,0,0,0,0,0,0,6,0
https://ufal.br/documentos,0,0,0,0,0,0,0,0,1,0,0,0,0,0,0,0,0,0,0,1,0,0,0,0,0,0,0,6,0
https://ufal.br/editais,0,0,0,0,0,0,0,0,1,0,0,0,0,0,0,0,0,0,0,2,0,0,0,0,0,0,0,6,0
https://ufal.br/noticias,0,0,0,0,0,0,0,0,1,0,0,0,0,0,0,0,0,0,0,0,0,0,0,0,0,0,0,0,0
https://ufal.br/perguntas-frequentes,0,0,0,0,0,0,0,0,1,0,0,0,0,0,0,0,0,0,0,1,0,0,0,0,0,0,0,8,0
https://ufal.br/servicos,0,0,0,0,0,0,0,0,1,0,0,0,0,0,0,0,0,0,0,1,0,0,0,0,0,0,0,5,0
https://ufal.br/sobre,0,0,0,0,0,0,0,0,1,0,0,0,0,0,0,0,0,0,0,1,0,0,0,0,0,0,0,6,0
https://ufal.br/transparencia,0,0,0,0,0,0,0,0,19,0,0,0,0,0,0,0,0,0,0,0,0,0,0,0,0,0,0,65,0
https://ufg.br,0,0,0,2,0,4,0,0,10,0,0,0,0,0,9,0,0,0,1,0,9,3,29,0,0,0,0,0,0
https://ufg.br/acessibilidade,0,0,0,0,0,0,0,0,0,0,0,0,0,0,6,0,0,0,1,0,1,0,0,0,0,0,0,2,0
https://ufg.br/contato,0,0,0,0,0,0,0,0,0,0,0,0,0,0,6,0,0,0,1,0,1,0,0,0,0,0,0,2,0
https://ufg.br/documentos,0,0,0,0,0,0,0,0,0,0,0,0,0,0,6,0,0,0,1,0,1,0,0,0,0,0,0,2,0
https://ufg.br/editais,0,0,0,0,0,0,0,0,0,0,0,0,0,0,6,0,0,0,1,0,1,0,0,0,0,0,0,2,0
https://ufg.br/noticias,0,0,0,0,0,0,0,0,0,0,0,0,0,0,6,0,0,0,1,0,1,0,0,0,0,0,0,2,0
https://ufg.br/perguntas-frequentes,0,0,0,0,0,0,0,0,0,0,0,0,0,0,6,0,0,0,1,0,1,0,0,0,0,0,0,2,0
https://ufg.br/servicos,0,0,0,0,0,0,0,0,0,0,0,0,0,0,6,0,0,0,1,0,1,0,0,0,0,0,0,2,0
https://ufg.br/sobre,0,0,0,0,0,0,0,0,0,0,0,0,0,0,6,0,0,0,1,0,1,0,0,0,0,0,0,2,0
https://ufg.br/transparencia,0,0,0,0,0,0,0,0,0,0,0,0,0,0,6,0,0,0,1,0,1,0,0,0,0,0,0,2,0
https://ufmg.br,0,0,0,0,0,0,0,0,2,0,0,0,0,0,0,0,0,0,0,0,0,0,0,0,0,0,0,0,0
https://ufmg.br/acessibilidade,0,0,0,0,0,0,0,0,2,0,0,0,0,0,0,0,0,0,0,0,0,0,0,0,0,0,0,0,0
https://ufmg.br/contato,0,0,0,0,0,0,0,0,2,0,0,0,0,0,0,0,0,0,0,0,0,0,0,0,0,0,0,0,0
https://ufmg.br/documentos,0,0,0,0,0,0,0,0,2,0,0,0,0,0,0,0,0,0,0,0,0,0,0,0,0,0,0,0,0
https://ufmg.br/editais,0,0,0,0,0,0,0,0,2,0,0,0,0,0,0,0,0,0,0,0,0,0,0,0,0,0,0,0,0
https://ufmg.br/noticias,0,0,0,0,0,0,0,0,2,0,0,0,0,0,0,0,0,0,0,0,0,0,0,0,0,0,0,0,0
https://ufmg.br/perguntas-frequentes,0,0,0,0,0,0,0,0,2,0,0,0,0,0,0,0,0,0,0,0,0,0,0,0,0,0,0,0,0
https://ufmg.br/servicos,0,0,0,0,0,0,0,0,2,0,0,0,0,0,0,0,0,0,0,0,0,0,0,0,0,0,0,0,0
https://ufmg.br/sobre,0,0,0,0,0,0,0,0,2,0,0,0,0,0,0,0,0,0,0,0,0,0,0,0,0,0,0,0,0
https://ufmg.br/transparencia,0,0,0,0,0,0,0,0,2,0,0,0,0,0,0,0,0,0,0,0,0,0,0,0,0,0,0,0,0
https://ufrj.br,0,0,0,0,0,0,0,3,0,0,0,0,1,0,1,0,0,0,0,0,9,0,0,0,0,0,0,0,0
https://ufrj.br/acessibilidade,0,0,0,0,0,0,0,3,0,0,0,0,0,0,1,0,0,0,0,0,0,0,0,0,0,0,0,0,0
https://ufrj.br/contato,0,0,0,0,0,0,0,3,0,0,0,0,0,0,1,0,0,0,0,0,1,0,0,0,0,0,0,0,0
https://ufrj.br/documentos,0,0,0,0,0,0,0,3,0,0,0,0,1,0,1,0,0,0,0,0,1,0,0,0,0,0,0,0,1
https://ufrj.br/editais,0,0,0,0,0,0,0,3,0,0,0,0,0,0,1,0,0,0,0,0,0,0,0,0,0,0,0,0,0
https://ufrj.br/noticias,0,0,0,0,0,0,0,3,0,0,0,0,0,0,1,0,0,0,0,0,1,0,0,0,0,0,0,0,0
https://ufrj.br/perguntas-frequentes,0,0,0,0,0,0,0,3,0,0,0,0,2,0,1,0,0,0,0,3,1,0,0,0,0,0,0,0,0
https://ufrj.br/servicos,0,0,0,0,0,0,0,3,0,0,0,0,2,0,1,0,0,0,0,0,3,0,0,0,0,0,0,0,0
https://ufrj.br/sobre,0,0,0,0,0,0,0,3,0,0,0,0,0,0,1,0,0,0,0,0,4,0,0,0,0,0,0,0,0
https://ufrj.br/transparencia,0,0,0,0,0,0,0,3,0,0,0,0,0,0,1,0,0,0,0,0,4,0,0,0,0,0,0,0,0
https://ufrr.br,0,0,0,1,0,0,5,3,0,0,0,0,1,0,0,0,0,2,1,0,15,1,0,0,0,0,0,5,0
https://ufrr.br/acessibilidade,0,0,0,1,0,0,0,2,0,0,0,0,0,0,0,0,0,0,1,0,7,0,0,0,0,0,0,0,0
https://ufrr.br/contato,0,0,0,1,0,0,0,2,0,0,0,0,0,0,0,0,0,0,1,0,7,0,0,0,0,0,0,0,0
https://ufrr.br/documentos,0,0,0,1,0,0,0,2,0,0,0,0,0,0,0,0,0,0,1,0,7,0,0,0,0,0,0,0,0
https://ufrr.br/editais,0,0,0,1,0,0,0,2,0,0,0,0,0,0,0,0,0,0,1,0,7,0,0,0,0,0,0,0,0
https://ufrr.br/noticias,0,0,0,1,0,0,0,2,0,0,0,0,1,0,0,0,0,0,1,0,28,0,0,0,0,0,0,0,0
https://ufrr.br/perguntas-frequentes,0,0,0,1,0,0,0,2,0,0,0,0,0,0,0,0,0,0,1,0,7,0,0,0,0,0,0,0,0
https://ufrr.br/servicos,0,0,0,1,0,0,0,2,0,0,0,0,0,0,0,0,0,0,1,0,7,0,0,0,0,0,0,0,0
https://ufrr.br/sobre,0,0,0,1,0,0,0,2,0,0,0,0,0,0,0,0,0,0,1,0,7,0,0,0,0,0,0,0,0
https://ufrr.br/transparencia,0,0,0,1,0,0,0,2,0,0,0,0,0,0,0,0,0,0,1,0,7,0,0,0,0,0,0,0,0
https://ufsc.br,0,0,0,0,0,0,0,0,0,1,0,1,1,1,1,0,0,0,1,1,3,0,4,1,0,0,0,10,0
https://ufsc.br/acessibilidade,0,0,0,0,0,0,0,0,0,1,0,0,0,1,0,0,0,0,1,1,0,0,4,1,0,0,0,10,0
https://ufsc.br/contato,0,0,0,0,0,0,0,0,0,0,0,0,0,1,0,0,0,0,1,1,0,0,3,1,0,0,0,8,0
https://ufsc.br/documentos,0,0,0,0,0,0,0,0,0,0,0,0,0,1,0,0,0,0,1,1,0,0,3,1,0,0,0,8,0
https://ufsc.br/editais,0,0,0,0,0,0,0,0,0,0,0,0,0,1,0,0,0,0,1,1,0,0,3,1,0,0,0,8,0
https://ufsc.br/noticias,0,0,0,0,0,0,0,0,0,0,0,0,0,1,0,0,0,0,1,1,0,0,3,1,0,0,0,8,0
https://ufsc.br/perguntas-frequentes,0,0,0,0,0,0,0,0,0,0,0,0,0,1,0,0,0,0,1,1,0,0,3,1,0,0,0,8,0
https://ufsc.br/servicos,0,0,0,0,0,0,0,0,3,1,0,0,2,1,0,0,0,0,1,1,8,0,4,1,0,0,0,8,0
https://ufsc.br/sobre,0,0,0,0,0,0,0,0,0,0,0,0,0,1,0,0,0,0,1,1,0,0,3,1,0,0,0,8,0
https://ufsc.br/transparencia,0,0,0,0,0,0,0,0,0,0,0,0,0,1,0,0,0,0,1,1,0,0,3,1,0,0,0,8,0
https://www.finep.gov.br,0,0,0,0,0,0,0,0,2,0,0,0,1,0,0,0,0,0,0,0,0,0,0,0,0,0,0,4,0
https://www.finep.gov.br/noticias,0,0,0,0,0,0,0,0,1,0,0,0,1,0,19,0,0,0,0,0,20,0,0,0,0,0,0,0,0
https://www.gov.br/capes/pt-br,0,0,0,0,0,0,0,1,0,0,0,0,0,0,0,0,0,0,0,0,5,0,0,0,0,0,0,4,0
https://www.gov.br/capes/pt-br/acessibilidade,0,0,0,0,0,0,0,1,0,0,0,0,0,0,0,0,0,0,0,0,0,0,0,0,0,0,0,0,0
https://www.gov.br/capes/pt-br/contato,0,0,0,0,0,0,0,1,0,0,0,0,0,0,0,0,0,0,0,0,0,0,0,0,0,0,0,0,0
https://www.gov.br/capes/pt-br/documentos,0,0,0,0,0,0,0,1,0,0,0,0,0,0,0,0,0,0,0,0,0,0,0,0,0,0,0,0,0
https://www.gov.br/capes/pt-br/editais,0,0,0,0,0,0,0,1,0,0,0,0,0,0,0,0,0,0,0,0,0,0,0,0,0,0,0,0,0
https://www.gov.br/capes/pt-br/noticias,0,0,0,0,0,0,0,1,0,0,0,0,0,0,0,0,0,0,0,0,0,0,0,0,0,0,0,0,0
https://www.gov.br/capes/pt-br/perguntas-frequentes,0,0,0,0,0,0,0,1,0,0,0,0,0,0,0,0,0,0,0,0,0,0,0,0,0,0,0,0,0
https://www.gov.br/capes/pt-br/servicos,0,0,0,0,0,0,0,1,0,0,0,0,0,0,0,0,0,0,0,0,0,0,0,0,0,0,0,5,0
https://www.gov.br/capes/pt-br/sobre,0,0,0,0,0,0,0,1,0,0,0,0,0,0,0,0,0,0,0,0,0,0,0,0,0,0,0,0,0
https://www.gov.br/capes/pt-br/transparencia,0,0,0,0,0,0,0,1,0,0,0,0,0,0,0,0,0,0,0,0,0,0,0,0,0,0,0,0,0
https://www.gov.br/cnpq/pt-br,0,0,0,0,0,0,0,1,4,0,0,0,0,0,0,0,0,0,0,0,3,0,0,0,0,0,0,5,0
https://www.gov.br/cnpq/pt-br/acessibilidade,0,0,0,0,0,0,0,1,0,0,0,0,0,0,0,0,0,0,0,0,0,0,0,0,0,0,0,0,0
https://www.gov.br/cnpq/pt-br/contato,0,0,0,0,0,0,0,1,0,0,0,0,0,0,0,0,0,0,0,0,0,0,0,0,0,0,0,0,0
https://www.gov.br/cnpq/pt-br/documentos,0,0,0,0,0,0,0,1,0,0,0,0,0,0,0,0,0,0,0,0,0,0,0,0,0,0,0,0,0
https://www.gov.br/cnpq/pt-br/editais,0,0,0,0,0,0,0,1,0,0,0,0,0,0,0,0,0,0,0,0,0,0,0,0,0,0,0,0,0
https://www.gov.br/cnpq/pt-br/noticias,0,0,0,0,0,0,0,1,0,0,0,0,0,0,0,0,0,0,0,0,0,0,0,0,0,0,0,0,0
https://www.gov.br/cnpq/pt-br/perguntas-frequentes,0,0,0,0,0,0,0,1,0,0,0,0,0,0,0,0,0,0,0,0,0,0,0,0,0,0,0,0,0
https://www.gov.br/cnpq/pt-br/servicos,0,0,0,0,0,0,0,1,0,0,0,0,0,0,0,0,0,0,0,0,0,0,0,0,0,0,0,0,0
https://www.gov.br/cnpq/pt-br/sobre,0,0,0,0,0,0,0,1,0,0,0,0,0,0,0,0,0,0,0,0,0,0,0,0,0,0,0,0,0
https://www.gov.br/cnpq/pt-br/transparencia,0,0,0,0,0,0,0,1,0,0,0,0,0,0,0,0,0,0,0,0,0,0,0,0,0,0,0,0,0
https://www.gov.br/fazenda/pt-br,0,0,0,0,0,0,0,1,0,0,0,1,0,0,0,0,0,0,0,0,1,0,0,0,0,0,0,5,0
https://www.gov.br/fazenda/pt-br/acessibilidade,0,0,0,0,0,0,0,1,0,0,0,0,0,0,0,0,0,0,0,0,0,0,0,0,0,0,0,0,0
https://www.gov.br/fazenda/pt-br/contato,0,0,0,0,0,0,0,1,0,0,0,0,0,0,0,0,0,0,0,0,0,0,0,0,0,0,0,0,0
https://www.gov.br/fazenda/pt-br/documentos,0,0,0,0,0,0,0,1,0,0,0,0,0,0,0,0,0,0,0,0,0,0,0,0,0,0,0,0,0
https://www.gov.br/fazenda/pt-br/editais,0,0,0,0,0,0,0,1,0,0,0,0,0,0,0,0,0,0,0,0,0,0,0,0,0,0,0,0,0
https://www.gov.br/fazenda/pt-br/noticias,0,0,0,0,0,0,0,1,0,0,0,0,0,0,0,0,0,0,0,0,0,0,0,0,0,0,0,0,0
https://www.gov.br/fazenda/pt-br/perguntas-frequentes,0,0,0,0,0,0,0,1,0,0,0,0,0,0,0,0,0,0,0,0,0,0,0,0,0,0,0,0,0
https://www.gov.br/fazenda/pt-br/servicos,0,0,0,0,0,0,0,1,0,0,0,0,0,0,0,0,0,0,0,0,0,0,0,0,0,0,0,0,0
https://www.gov.br/fazenda/pt-br/sobre,0,0,0,0,0,0,0,1,0,0,0,0,0,0,0,0,0,0,0,0,0,0,0,0,0,0,0,0,0
https://www.gov.br/fazenda/pt-br/transparencia,0,0,0,0,0,0,0,1,0,0,0,0,0,0,0,0,0,0,0,0,0,0,0,0,0,0,0,0,0
https://www.gov.br/mcti/pt-br,0,0,0,0,0,0,0,1,0,0,0,0,0,0,0,0,0,0,0,0,1,0,0,0,0,0,0,6,0
https://www.gov.br/mcti/pt-br/acessibilidade,0,0,0,0,0,0,0,1,0,0,0,0,0,0,0,0,0,0,0,0,0,0,0,0,0,0,0,0,0
https://www.gov.br/mcti/pt-br/contato,0,0,0,0,0,0,0,1,0,0,0,0,0,0,0,0,0,0,0,0,0,0,0,0,0,0,0,0,0
https://www.gov.br/mcti/pt-br/documentos,0,0,0,0,0,0,0,1,0,0,0,0,0,0,0,0,0,0,0,0,0,0,0,0,0,0,0,0,0
https://www.gov.br/mcti/pt-br/editais,0,0,0,0,0,0,0,1,0,0,0,0,0,0,0,0,0,0,0,0,0,0,0,0,0,0,0,0,0
https://www.gov.br/mcti/pt-br/noticias,0,0,0,0,0,0,0,1,0,0,0,0,0,0,0,0,0,0,0,0,0,0,0,0,0,0,0,6,0
https://www.gov.br/mcti/pt-br/servicos,0,0,0,0,0,0,0,1,0,0,0,0,0,0,0,0,0,0,0,0,0,0,0,0,0,0,0,5,0
https://www.gov.br/mcti/pt-br/sobre,0,0,0,0,0,0,0,1,0,0,0,0,0,0,0,0,0,0,0,0,0,0,0,0,0,0,0,0,0
https://www.gov.br/mcti/pt-br/transparencia,0,0,0,0,0,0,0,1,0,0,0,0,0,0,0,0,0,0,0,0,0,0,0,0,0,0,0,0,0
https://www.gov.br/mds/pt-br,0,0,0,0,0,0,0,1,0,0,0,0,0,0,0,0,0,0,0,0,1,0,0,0,0,0,0,7,0
https://www.gov.br/mds/pt-br/acessibilidade,0,0,0,0,0,0,0,1,0,0,0,0,0,0,0,0,0,0,0,0,0,0,0,0,0,0,0,0,0
https://www.gov.br/mds/pt-br/contato,0,0,0,0,0,0,0,1,0,0,0,0,0,0,0,0,0,0,0,0,0,0,0,0,0,0,0,0,0
https://www.gov.br/mds/pt-br/documentos,0,0,0,0,0,0,0,1,0,0,0,0,0,0,0,0,0,0,0,0,0,0,0,0,0,0,0,0,0
https://www.gov.br/mds/pt-br/editais,0,0,0,0,0,0,0,1,0,0,0,0,0,0,0,0,0,0,0,0,0,0,0,0,0,0,0,0,0
https://www.gov.br/mds/pt-br/perguntas-frequentes,0,0,0,0,0,0,0,1,0,0,0,0,0,0,0,0,0,0,0,0,0,0,0,0,0,0,0,0,0
https://www.gov.br/mds/pt-br/servicos,0,0,0,0,0,0,0,1,0,0,0,0,0,0,0,0,0,0,0,0,0,0,0,0,0,0,0,7,0
https://www.gov.br/mds/pt-br/sobre,0,0,0,0,0,0,0,1,0,0,0,0,0,0,0,0,0,0,0,0,0,0,0,0,0,0,0,0,0
https://www.gov.br/mds/pt-br/transparencia,0,0,0,0,0,0,0,1,0,0,0,0,0,0,0,0,0,0,0,0,0,0,0,0,0,0,0,0,0
https://www.gov.br/mec/pt-br/acessibilidade,0,0,0,0,0,0,0,1,0,0,0,0,0,0,0,0,0,0,0,0,0,0,0,0,0,0,0,0,0
https://www.gov.br/mec/pt-br/contato,0,0,0,0,0,0,0,1,0,0,0,0,0,0,0,0,0,0,0,0,0,0,0,0,0,0,0,0,0
https://www.gov.br/mec/pt-br/documentos,0,0,0,0,0,0,0,1,0,0,0,0,0,0,0,0,0,0,0,0,0,0,0,0,0,0,0,0,0
https://www.gov.br/mec/pt-br/noticias,0,0,0,0,0,0,0,1,0,0,0,0,0,0,0,0,0,0,0,0,0,0,0,0,0,0,0,0,0
https://www.gov.br/mec/pt-br/perguntas-frequentes,0,0,0,0,0,0,0,1,0,0,0,0,0,0,0,0,0,0,0,0,0,0,0,0,0,0,0,5,0
https://www.gov.br/mec/pt-br/servicos,0,0,0,0,0,0,0,1,0,0,0,0,0,0,0,0,0,0,0,0,0,0,0,0,0,0,0,0,0
https://www.gov.br/mec/pt-br/sobre,0,0,0,0,0,0,0,1,0,0,0,0,0,0,0,0,0,0,0,0,0,0,0,0,0,0,0,0,0
https://www.gov.br/mec/pt-br/transparencia,0,0,0,0,0,0,0,1,0,0,0,0,0,0,0,0,0,0,0,0,0,0,0,0,0,0,0,0,0
https://www.gov.br/pt-br,0,0,0,0,0,0,0,1,0,0,0,0,0,0,0,0,0,0,0,0,0,0,0,0,0,0,0,9,0
https://www.gov.br/pt-br/acessibilidade,0,0,0,0,0,0,0,1,0,0,0,0,0,0,0,0,0,0,0,0,0,0,0,0,0,0,0,5,0
https://www.gov.br/pt-br/contato,0,0,0,0,0,0,0,1,0,0,1,0,0,0,0,0,0,0,0,0,0,0,0,0,0,0,0,0,0
https://www.gov.br/pt-br/documentos,0,0,0,0,0,0,0,1,0,0,1,0,0,0,0,0,0,0,0,0,0,0,0,0,0,0,0,0,0
https://www.gov.br/pt-br/editais,0,0,0,0,0,0,0,1,0,0,1,0,0,0,0,0,0,0,0,0,0,0,0,0,0,0,0,0,0
https://www.gov.br/pt-br/noticias,0,0,0,0,0,0,0,1,0,0,1,0,0,0,0,0,0,0,0,0,0,0,0,0,0,0,0,1,0
https://www.gov.br/pt-br/perguntas-frequentes,0,0,0,0,0,0,0,1,0,0,1,0,0,0,0,0,0,0,0,0,0,0,0,0,0,0,0,0,0
https://www.gov.br/pt-br/servicos,0,0,0,0,0,0,0,1,0,0,0,0,0,0,0,0,0,0,0,0,0,0,0,0,1,0,0,5,0
https://www.gov.br/pt-br/sobre,0,0,0,0,0,0,0,1,0,0,0,0,0,0,0,0,0,0,0,0,0,0,0,0,0,0,0,5,0
https://www.gov.br/pt-br/transparencia,0,0,0,0,0,0,0,1,0,0,1,0,0,0,0,0,0,0,0,0,0,0,0,0,0,0,0,0,0
https://www.gov.br/saude/pt-br,0,0,0,0,0,0,0,1,0,0,0,0,0,0,0,0,0,0,0,0,1,0,0,0,0,0,0,6,0
https://www.gov.br/saude/pt-br/acessibilidade,0,0,0,0,0,0,0,1,0,0,0,0,0,0,0,0,0,0,0,0,0,0,0,0,0,0,0,0,0
https://www.gov.br/saude/pt-br/contato,0,0,0,0,0,0,0,1,0,0,0,0,0,0,0,0,0,0,0,0,0,0,0,0,0,0,0,0,0
https://www.gov.br/saude/pt-br/documentos,0,0,0,0,0,0,0,1,0,0,0,0,0,0,0,0,0,0,0,0,0,0,0,0,0,0,0,0,0
https://www.gov.br/saude/pt-br/editais,0,0,0,0,0,0,0,1,0,0,0,0,0,0,0,0,0,0,0,0,0,0,0,0,0,0,0,0,0
https://www.gov.br/saude/pt-br/noticias,0,0,0,0,0,0,0,1,0,0,0,0,0,0,0,0,0,0,0,0,0,0,0,0,0,0,0,0,0
https://www.gov.br/saude/pt-br/perguntas-frequentes,0,0,0,0,0,0,0,1,0,0,0,0,0,0,0,0,0,0,0,0,0,0,0,0,0,0,0,0,0
https://www.gov.br/saude/pt-br/servicos,0,0,0,0,0,0,0,1,0,0,0,0,0,0,0,0,0,0,0,0,0,0,0,0,0,0,0,0,0
https://www.gov.br/saude/pt-br/sobre,0,0,0,0,0,0,0,1,0,0,0,0,0,0,0,0,0,0,0,0,0,0,0,0,0,0,0,0,0
https://www.gov.br/saude/pt-br/transparencia,0,0,0,0,0,0,0,1,0,0,0,0,0,0,0,0,0,0,0,0,0,0,0,0,0,0,0,0,0
https://www.ifba.edu.br,0,0,0,0,0,0,0,0,0,0,0,0,0,1,0,0,0,0,1,0,3,0,0,1,0,0,0,0,0
https://www.ifba.edu.br/acessibilidade,0,0,0,0,0,0,0,0,0,0,0,0,0,1,0,0,0,0,1,0,0,0,0,0,0,0,0,0,0
https://www.ifba.edu.br/contato,0,0,0,0,0,0,0,0,0,0,0,0,0,1,0,0,0,0,1,0,0,0,0,0,0,0,0,0,0
https://www.ifba.edu.br/documentos,0,0,0,0,0,0,0,0,0,0,0,0,0,1,0,0,0,0,1,0,0,0,0,0,0,0,0,0,0
https://www.ifba.edu.br/editais,0,0,0,0,0,0,0,0,0,0,0,0,0,1,0,0,0,0,1,0,0,0,0,0,0,0,0,0,0
https://www.ifba.edu.br/noticias,0,0,0,0,0,0,0,0,0,0,0,0,0,1,0,0,0,0,1,0,0,0,0,0,0,0,0,0,0
https://www.ifba.edu.br/perguntas-frequentes,0,0,0,0,0,0,0,0,0,0,0,0,0,1,0,0,0,0,1,0,0,0,0,0,0,0,0,0,0
https://www.ifba.edu.br/servicos,0,0,0,0,0,0,0,0,0,0,0,0,0,1,0,0,0,0,1,0,0,0,0,0,0,0,0,0,0
https://www.ifba.edu.br/sobre,0,0,0,0,0,0,0,0,0,0,0,0,0,1,0,0,0,0,1,0,0,0,0,0,0,0,0,0,0
https://www.ifba.edu.br/transparencia,0,0,0,0,0,0,0,0,0,0,0,0,0,1,0,0,0,0,1,0,0,0,0,0,0,0,0,0,0
https://www.ifce.edu.br,0,0,0,0,0,0,0,0,0,0,0,0,0,1,0,0,0,0,1,0,0,0,0,0,0,0,0,0,0
https://www.ifce.edu.br/acessibilidade,0,0,0,0,0,0,0,0,0,0,0,0,0,1,0,0,0,0,1,0,0,0,0,0,0,0,0,0,0
https://www.ifce.edu.br/contato,0,0,0,0,0,0,0,0,0,0,0,0,0,1,0,0,0,0,1,0,0,0,0,0,0,0,0,0,0
https://www.ifce.edu.br/documentos,0,0,0,0,0,0,0,0,0,0,0,0,0,1,0,0,0,0,1,0,0,0,0,0,0,0,0,0,0
https://www.ifce.edu.br/editais,0,0,0,0,0,0,0,0,0,0,0,0,0,1,0,0,0,0,1,0,0,0,0,0,0,0,0,0,0
https://www.ifce.edu.br/noticias,0,0,0,0,0,0,0,0,0,0,0,0,0,1,0,0,0,0,1,0,0,0,0,0,0,0,0,0,0
https://www.ifce.edu.br/perguntas-frequentes,0,0,0,0,0,0,0,0,0,0,0,0,0,1,0,0,0,0,1,0,0,0,0,0,0,0,0,0,0
https://www.ifce.edu.br/servicos,0,0,0,0,0,0,0,0,0,0,0,0,0,1,0,0,0,0,1,0,0,0,0,0,0,0,0,0,0
https://www.ifce.edu.br/sobre,0,0,0,0,0,0,0,0,0,0,0,0,0,1,0,0,0,0,1,0,0,0,0,0,0,0,0,0,0
https://www.ifce.edu.br/transparencia,0,0,0,0,0,0,0,0,0,0,0,0,0,1,0,0,0,0,1,0,0,0,0,0,0,0,0,0,0
https://www.ifpe.edu.br,0,0,0,0,0,0,0,0,1,0,0,3,0,0,0,0,0,0,0,0,10,0,0,0,0,0,0,0,0
https://www.ifpe.edu.br/acessibilidade,0,0,0,0,0,0,0,0,1,0,0,3,0,0,0,0,0,0,0,0,10,0,0,0,0,0,0,0,0
https://www.ifpe.edu.br/contato,0,0,0,0,0,0,0,0,1,0,0,3,0,0,0,0,0,0,0,0,10,0,0,0,0,0,0,0,0
https://www.ifpe.edu.br/documentos,0,0,0,0,0,0,0,0,1,0,0,3,0,0,0,0,0,0,0,0,10,0,0,0,0,0,0,0,0
https://www.ifpe.edu.br/editais,0,0,0,0,0,0,0,0,1,0,0,3,0,0,0,0,0,0,0,0,10,0,0,0,0,0,0,0,0
https://www.ifpe.edu.br/noticias,0,0,0,0,0,0,0,0,1,0,0,3,0,0,0,0,0,0,0,0,10,0,0,0,0,0,0,0,0
https://www.ifpe.edu.br/perguntas-frequentes,0,0,0,0,0,0,0,0,1,0,0,3,0,0,0,0,0,0,0,0,10,0,0,0,0,0,0,0,0
https://www.ifpe.edu.br/servicos,0,0,0,0,0,0,0,0,1,0,0,3,0,0,0,0,0,0,0,0,10,0,0,0,0,0,0,0,0
https://www.ifpe.edu.br/sobre,0,0,0,0,0,0,0,0,1,0,0,3,0,0,0,0,0,0,0,0,10,0,0,0,0,0,0,0,0
https://www.ifpe.edu.br/transparencia,0,0,0,0,0,0,0,0,1,0,0,3,0,0,0,0,0,0,0,0,10,0,0,0,0,0,0,0,0
https://www.ifrn.edu.br,0,0,0,0,0,0,0,0,4,0,0,0,0,0,0,0,0,0,0,0,0,0,0,0,0,0,0,0,0
https://www.ifrn.edu.br/acessibilidade,0,0,0,0,0,0,0,0,22,0,0,0,0,0,0,0,0,0,0,0,0,0,0,0,0,0,0,0,0
https://www.ifrn.edu.br/contato,0,0,0,0,0,0,0,0,4,0,0,0,0,0,0,0,0,0,0,0,0,0,0,0,0,0,0,0,0
https://www.ifrn.edu.br/documentos,0,0,0,0,0,0,0,0,4,0,0,0,0,0,0,0,0,0,0,0,0,0,0,0,0,0,0,0,0
https://www.ifrn.edu.br/editais,0,0,0,0,0,0,0,0,4,0,0,0,0,0,0,0,0,0,0,0,0,0,0,0,0,0,0,0,0
https://www.ifrn.edu.br/noticias,0,0,0,0,0,0,0,0,4,0,0,0,0,0,0,0,0,0,0,0,0,0,0,0,0,0,0,0,0
https://www.ifrn.edu.br/perguntas-frequentes,0,0,0,0,0,0,0,0,4,0,0,0,0,0,0,0,0,0,0,0,0,0,0,0,0,0,0,0,0
https://www.ifrn.edu.br/servicos,0,0,0,0,0,0,0,0,4,0,0,0,0,0,0,0,0,0,0,0,0,0,0,0,0,0,0,0,0
https://www.ifrn.edu.br/sobre,0,0,0,0,0,0,0,0,4,0,0,0,0,0,0,0,0,0,0,0,0,0,0,0,0,0,0,0,0
https://www.ifrn.edu.br/transparencia,0,0,0,0,0,0,0,0,4,0,0,0,0,0,0,0,0,0,0,0,0,0,0,0,0,0,0,0,0
https://www.inep.gov.br/acessibilidade,0,0,0,0,0,0,0,1,0,0,0,0,0,0,0,0,0,0,0,0,1,0,0,0,0,0,0,5,0
https://www.inep.gov.br/contato,0,0,0,0,0,0,0,1,0,0,0,0,0,0,0,0,0,0,0,0,1,0,0,0,0,0,0,5,0
https://www.inep.gov.br/documentos,0,0,0,0,0,0,0,1,0,0,0,0,0,0,0,0,0,0,0,0,1,0,0,0,0,0,0,5,0
https://www.inep.gov.br/noticias,0,0,0,0,0,0,0,1,0,0,0,0,0,0,0,0,0,0,0,0,1,0,0,0,0,0,0,5,0
https://www.inep.gov.br/sobre,0,0,0,0,0,0,0,1,0,0,0,0,0,0,0,0,0,0,0,0,1,0,0,0,0,0,0,5,0
https://www.inep.gov.br/transparencia,0,0,0,0,0,0,0,1,0,0,0,0,0,0,0,0,0,0,0,0,1,0,0,0,0,0,0,5,0
https://www.tjal.jus.br,0,0,2,0,0,0,0,2,9,0,0,2,2,0,0,0,0,0,0,0,6,0,0,0,0,0,0,0,0
https://www.tjal.jus.br/acessibilidade,0,0,0,0,0,0,0,0,0,0,0,0,1,0,0,0,0,0,1,0,0,0,0,0,0,0,0,0,0
https://www.tjal.jus.br/contato,0,0,0,0,0,0,0,0,0,0,0,0,1,0,0,0,0,0,1,0,0,0,0,0,0,0,0,0,0
https://www.tjal.jus.br/documentos,0,0,0,0,0,0,0,0,0,0,0,0,1,0,0,0,0,0,1,0,0,0,0,0,0,0,0,0,0
https://www.tjal.jus.br/editais,0,0,0,0,0,0,0,0,0,0,0,0,1,0,0,0,0,0,1,0,0,0,0,0,0,0,0,0,0
https://www.tjal.jus.br/noticias,0,0,0,0,0,0,0,2,8,0,0,0,0,0,3,0,0,0,0,0,4,0,0,0,0,0,0,0,0
https://www.tjal.jus.br/perguntas-frequentes,0,0,0,0,0,0,0,0,0,0,0,0,1,0,0,0,0,0,1,0,0,0,0,0,0,0,0,0,0
https://www.tjal.jus.br/servicos,0,0,0,0,0,0,0,0,0,0,0,0,1,0,0,0,0,0,1,0,0,0,0,0,0,0,0,0,0
https://www.tjal.jus.br/sobre,0,0,0,0,0,0,0,0,0,0,0,0,1,0,0,0,0,0,1,0,0,0,0,0,0,0,0,0,0
https://www.tjal.jus.br/transparencia,0,0,2,0,0,0,0,2,9,0,0,2,2,0,0,0,0,0,0,0,6,0,0,0,0,0,0,0,0
https://www.tre-al.jus.br/acessibilidade,0,0,0,0,0,0,0,0,0,0,0,0,0,0,0,0,0,0,1,0,0,0,0,0,0,0,0,0,0
https://www.tre-al.jus.br/contato,0,0,0,0,0,0,0,0,0,0,0,0,0,0,0,0,0,0,1,0,0,0,0,0,0,0,0,0,0
https://www.tre-al.jus.br/documentos,0,0,0,0,0,0,0,0,0,0,0,0,0,0,0,0,0,0,1,0,0,0,0,0,0,0,0,0,0
https://www.tre-al.jus.br/editais,0,0,0,0,0,0,0,0,0,0,0,0,0,0,0,0,0,0,1,0,0,0,0,0,0,0,0,0,0
https://www.tre-al.jus.br/noticias,0,0,0,0,0,0,0,0,0,0,0,0,0,0,0,0,0,0,1,0,0,0,0,0,0,0,0,0,0
https://www.tre-al.jus.br/perguntas-frequentes,0,0,0,0,0,0,0,0,0,0,0,0,0,0,0,0,0,0,1,0,0,0,0,0,0,0,0,0,0
https://www.tre-al.jus.br/servicos,0,0,0,0,0,0,0,0,0,0,0,0,0,0,0,0,0,0,1,0,0,0,0,0,0,0,0,0,0
https://www.tre-al.jus.br/sobre,0,0,0,0,0,0,0,0,0,0,0,0,0,0,0,0,0,0,1,0,0,0,0,0,0,0,0,0,0
https://www.tre-al.jus.br/transparencia,0,0,0,0,0,0,0,0,0,0,0,0,0,0,0,0,0,0,1,0,0,0,0,0,0,0,0,0,0
https://www.trt19.jus.br,0,0,0,0,0,0,0,0,0,0,0,0,0,0,0,1,0,0,1,0,0,0,0,0,0,0,0,2,0
https://www.trt19.jus.br/acessibilidade,0,0,0,0,0,0,0,0,0,0,0,0,0,0,0,1,0,0,1,0,0,0,0,0,0,0,0,2,0
https://www.trt19.jus.br/contato,0,0,0,0,0,0,0,0,0,0,0,0,0,0,0,1,0,0,1,0,0,0,0,0,0,0,0,2,0
https://www.trt19.jus.br/documentos,0,0,0,0,0,0,0,0,0,0,0,0,0,0,0,1,0,0,1,0,0,0,0,0,0,0,0,2,0
https://www.trt19.jus.br/editais,0,0,0,0,0,0,0,0,0,0,0,0,0,0,0,1,0,0,1,0,0,0,0,0,0,0,0,2,0
https://www.trt19.jus.br/noticias,0,0,0,0,0,0,0,0,0,0,0,0,0,0,0,1,0,0,1,0,0,0,0,0,0,0,0,2,0
https://www.trt19.jus.br/perguntas-frequentes,0,0,0,0,0,0,0,0,0,0,0,0,0,0,0,1,0,0,1,0,0,0,0,0,0,0,0,2,0
https://www.trt19.jus.br/servicos,0,0,0,0,0,0,0,0,0,0,0,0,0,0,0,1,0,0,1,0,0,0,0,0,0,0,0,2,0
https://www.trt19.jus.br/sobre,0,0,0,0,0,0,0,0,0,0,0,0,0,0,0,1,0,0,1,0,0,0,0,0,0,0,0,2,0
https://www.trt19.jus.br/transparencia,0,0,0,0,0,0,0,0,0,0,0,0,0,0,0,1,0,0,1,0,0,0,0,0,0,0,0,2,0
https://www.ufac.br,1,0,0,0,0,0,0,0,1,0,0,2,1,0,1,0,0,0,0,0,8,0,0,0,0,0,0,5,0
https://www.ufac.br/acessibilidade,1,0,0,0,0,0,0,0,5,0,0,0,1,0,0,0,0,0,0,1,0,0,0,0,0,0,0,0,0
https://www.ufac.br/contato,1,0,0,0,0,0,0,0,1,0,0,2,1,0,1,0,0,0,0,0,8,0,0,0,0,0,0,5,0
https://www.ufac.br/documentos,1,0,0,0,0,0,0,0,8,0,0,0,1,0,0,0,0,0,0,1,0,0,0,0,0,0,0,0,0
https://www.ufac.br/editais,0,0,0,0,0,0,0,0,0,0,0,0,0,0,0,0,0,0,0,0,2,0,0,0,0,0,0,0,0
https://www.ufac.br/noticias,1,0,0,0,0,0,0,0,4,0,0,0,0,0,0,0,0,0,0,0,0,0,0,0,0,0,0,0,0
https://www.ufac.br/perguntas-frequentes,1,0,0,0,0,0,0,0,3,0,0,0,1,0,0,0,0,0,0,3,0,0,0,0,0,0,0,0,0
https://www.ufac.br/servicos,1,0,0,0,0,0,0,0,1,0,0,2,1,0,1,0,0,0,0,0,8,0,0,0,0,0,0,5,0
https://www.ufac.br/sobre,1,0,0,0,0,0,0,0,8,0,0,0,1,0,0,0,0,0,0,1,0,0,0,0,0,0,0,0,0
https://www.ufac.br/transparencia,1,0,0,0,0,0,0,0,10,0,0,0,0,0,0,0,0,0,0,0,0,0,0,0,0,0,0,0,0
https://www.ufba.br,0,0,0,0,0,0,0,0,0,0,0,0,0,0,0,0,0,0,1,0,15,0,0,0,1,0,0,15,0
https://www.ufba.br/acessibilidade,0,0,0,0,0,0,0,0,8,0,0,0,0,0,0,0,0,0,1,0,2,0,0,0,1,0,0,0,0
https://www.ufba.br/contato,0,0,0,0,0,0,0,0,2,0,0,0,0,0,0,0,0,0,1,0,2,0,0,0,1,0,0,0,0
https://www.ufba.br/documentos,0,0,0,0,0,0,0,0,2,0,0,0,0,0,0,0,0,0,1,0,2,0,0,0,1,0,0,0,0
https://www.ufba.br/editais,0,0,0,0,0,0,0,0,2,0,0,0,0,0,0,0,0,0,1,0,2,0,0,0,1,0,0,0,0
https://www.ufba.br/noticias,0,0,0,0,0,0,0,0,11,0,0,0,0,0,0,0,0,0,1,0,3,0,0,0,1,0,0,0,0
https://www.ufba.br/perguntas-frequentes,0,0,0,0,0,0,0,0,2,0,0,0,0,0,0,0,0,0,1,0,2,0,0,0,1,0,0,0,0
https://www.ufba.br/servicos,0,0,0,0,0,0,0,0,1,0,0,0,0,0,0,0,0,0,1,0,14,0,0,0,1,0,0,0,0
https://www.ufba.br/sobre,0,0,0,0,0,0,0,0,2,0,0,0,0,0,0,0,0,0,1,0,2,0,0,0,1,0,0,0,0
https://www.ufba.br/transparencia,0,0,0,0,0,0,0,0,2,0,0,0,0,0,0,0,0,0,1,0,2,0,0,0,1,0,0,0,0
https://www.ufma.br,1,0,0,0,0,0,0,0,0,0,0,0,0,0,0,0,0,0,0,0,2,0,0,0,0,0,0,0,0
https://www.ufma.br/acessibilidade,0,0,0,0,0,0,0,0,0,0,0,0,0,1,0,0,0,0,1,0,0,0,0,0,0,0,0,0,0
https://www.ufma.br/contato,0,0,0,0,0,0,0,0,0,0,0,0,0,1,0,0,0,0,1,0,0,0,0,0,0,0,0,0,0
https://www.ufma.br/documentos,0,0,0,0,0,0,0,0,0,0,0,0,0,1,0,0,0,0,1,0,0,0,0,0,0,0,0,0,0
https://www.ufma.br/noticias,0,0,0,0,0,0,0,0,0,0,0,0,0,1,0,0,0,0,1,0,0,0,0,0,0,0,0,0,0
https://www.ufma.br/perguntas-frequentes,0,0,0,0,0,0,0,0,0,0,0,0,0,1,0,0,0,0,1,0,0,0,0,0,0,0,0,0,0
https://www.ufma.br/servicos,0,0,0,0,0,0,0,0,0,0,0,0,0,1,0,0,0,0,1,0,0,0,0,0,0,0,0,0,0
https://www.ufma.br/sobre,0,0,0,0,0,0,0,0,0,0,0,0,0,1,0,0,0,0,1,0,0,0,0,0,0,0,0,0,0
https://www.ufma.br/transparencia,0,0,0,0,0,0,0,0,0,0,0,0,0,1,0,0,0,0,1,0,0,0,0,0,0,0,0,0,0
https://www.ufms.br,1,0,0,0,0,0,0,1,16,0,0,1,0,0,0,0,0,0,0,0,29,0,0,0,0,0,0,12,0
https://www.ufms.br/acessibilidade,1,0,0,0,0,0,0,2,18,0,0,2,1,0,0,0,0,0,0,4,6,0,0,0,0,0,0,12,0
https://www.ufms.br/contato,1,0,0,0,0,0,0,2,20,0,0,2,0,0,0,0,0,0,0,0,6,0,0,0,0,0,0,12,0
https://www.ufms.br/documentos,1,0,0,0,0,0,0,2,20,0,0,2,0,0,0,0,0,0,0,0,6,0,0,0,0,0,0,12,0
https://www.ufms.br/editais,1,0,0,0,0,0,0,2,18,0,0,2,1,0,0,0,0,0,0,1,6,0,0,0,0,0,0,12,0
https://www.ufms.br/perguntas-frequentes,1,0,0,0,0,0,0,2,17,0,0,2,1,0,0,0,0,0,0,2,6,0,0,0,0,0,0,12,0
https://www.ufms.br/servicos,1,0,0,0,0,0,0,2,18,0,0,2,1,0,0,0,0,0,0,0,6,0,0,0,0,0,0,12,0
https://www.ufms.br/sobre,1,0,0,0,0,0,0,2,20,0,0,2,0,0,0,0,0,0,0,0,6,0,0,0,0,0,0,12,0
https://www.ufms.br/transparencia,1,0,0,0,0,0,0,2,31,0,0,2,1,0,0,0,0,0,0,1,6,0,0,0,0,0,0,12,0
https://www.ufmt.br,0,0,0,0,0,0,0,0,0,0,0,0,0,0,1,0,0,0,0,0,4,0,0,0,0,0,0,0,0
https://www.ufmt.br/acessibilidade,0,0,0,0,0,0,0,0,5,0,0,0,1,0,0,0,0,0,0,0,0,0,0,0,0,0,0,0,0
https://www.ufmt.br/contato,0,0,0,0,0,0,0,0,1,0,0,0,1,0,0,0,0,0,0,0,0,0,0,0,0,0,0,0,0
https://www.ufmt.br/documentos,0,0,0,0,0,0,0,0,1,0,0,0,1,0,0,0,0,0,0,0,0,0,0,0,0,0,0,0,0
https://www.ufmt.br/editais,0,0,0,0,0,0,0,0,1,0,0,0,1,0,0,0,0,0,0,0,0,0,0,0,0,0,0,0,0
https://www.ufmt.br/noticias,0,0,0,0,0,0,0,0,1,0,0,0,1,0,0,0,0,0,0,0,0,0,0,0,0,0,0,0,0
https://www.ufmt.br/perguntas-frequentes,0,0,0,0,0,0,0,0,1,0,0,0,1,0,0,0,0,0,0,0,0,0,0,0,0,0,0,0,0
https://www.ufmt.br/servicos,0,0,0,0,0,0,0,0,1,0,0,0,1,0,0,0,0,0,0,0,0,0,0,0,0,0,0,0,0
https://www.ufmt.br/sobre,0,0,0,0,0,0,0,0,1,0,0,0,1,0,0,0,0,0,0,0,0,0,0,0,0,0,0,0,0
https://www.ufmt.br/transparencia,0,0,0,0,0,0,0,0,1,0,0,0,1,0,0,0,0,0,0,0,0,0,0,0,0,0,0,0,0
https://www.ufpb.br,0,0,0,0,0,0,0,2,2,0,0,1,0,0,1,0,0,0,1,0,7,0,0,0,0,0,0,0,0
https://www.ufpb.br/acessibilidade,0,0,0,0,0,0,0,2,2,0,1,0,0,0,1,0,0,0,1,0,7,0,0,0,0,0,0,0,0
https://www.ufpb.br/contato,0,0,0,0,0,0,0,2,3,0,0,0,0,0,1,0,0,0,1,0,7,0,0,0,0,0,0,0,0
https://www.ufpb.br/documentos,0,0,0,0,0,0,0,2,2,0,1,0,0,0,1,0,0,0,1,0,7,0,0,0,0,0,0,0,0
https://www.ufpb.br/editais,0,0,0,0,0,0,0,2,2,0,1,0,0,0,1,0,0,0,1,0,7,0,0,0,0,0,0,0,0
https://www.ufpb.br/noticias,0,0,0,0,0,0,0,2,2,0,0,0,0,0,31,0,0,0,1,0,39,0,0,0,0,0,0,0,0
https://www.ufpb.br/perguntas-frequentes,0,0,0,0,0,0,0,2,2,0,1,0,0,0,1,0,0,0,1,0,7,0,0,0,0,0,0,0,0
https://www.ufpb.br/servicos,0,0,0,0,0,0,0,2,2,0,1,0,0,0,1,0,0,0,1,0,7,0,0,0,0,0,0,0,0
https://www.ufpb.br/sobre,0,0,0,0,0,0,0,2,2,0,1,0,0,0,1,0,0,0,1,0,7,0,0,0,0,0,0,0,0
https://www.ufpb.br/transparencia,0,0,0,0,0,0,0,2,2,0,1,0,0,0,1,0,0,0,1,0,7,0,0,0,0,0,0,0,0
https://www.ufpe.br,1,0,0,0,0,0,0,1,0,0,0,0,4,0,4,0,1,0,0,0,2,0,0,0,0,0,0,2,0
https://www.ufpe.br/acessibilidade,1,0,0,0,0,1,0,2,0,0,0,0,0,0,0,0,1,0,0,0,6,0,0,0,0,0,0,3284,0
https://www.ufpe.br/contato,1,1,0,0,0,0,0,1,0,0,0,0,1,0,0,0,1,0,0,0,2,0,0,0,0,0,0,2,0
https://www.ufpe.br/editais,1,1,0,0,0,1,0,1,9,0,0,0,1,0,0,0,1,0,0,0,3,0,0,0,0,0,0,6,0
https://www.ufpe.br/noticias,1,1,0,0,0,0,0,1,0,0,0,0,1,0,0,0,1,0,0,0,2,0,0,0,0,0,0,2,0
https://www.ufpe.br/perguntas-frequentes,1,0,0,0,0,1,0,2,0,0,0,0,0,0,0,0,1,0,0,0,6,0,0,0,0,0,0,3284,0
https://www.ufpe.br/servicos,1,0,0,0,0,1,0,2,0,0,0,0,0,0,0,0,1,0,0,0,6,0,0,0,0,0,0,3284,0
https://www.ufpe.br/sobre,1,1,0,0,0,0,0,1,0,0,0,0,1,0,0,0,1,0,0,0,2,0,0,0,0,0,0,2,0
https://www.ufpe.br/transparencia,1,0,0,0,0,0,0,1,0,0,0,0,4,0,4,0,1,0,0,0,2,0,0,0,0,0,0,2,0
https://www.ufpr.br,0,0,0,0,1,1,0,3,1,0,0,1,1,0,1,0,0,0,1,0,19,1,0,1,0,0,0,0,0
https://www.ufpr.br/acessibilidade,0,0,0,0,0,0,0,2,5,0,0,0,0,0,1,0,0,0,1,0,6,0,0,1,0,0,0,0,0
https://www.ufpr.br/contato,0,0,0,0,1,1,0,3,1,0,0,1,1,0,1,0,0,0,1,0,19,1,0,1,0,0,0,0,0
https://www.ufpr.br/documentos,0,0,0,0,0,0,0,2,0,0,0,0,1,0,1,0,0,0,1,0,6,0,0,1,0,0,0,0,0
https://www.ufpr.br/editais,0,0,0,0,0,0,0,2,0,0,0,0,1,0,1,0,0,0,1,0,6,0,0,1,0,0,0,0,0
https://www.ufpr.br/noticias,0,0,0,0,0,0,0,2,1,0,0,0,0,0,1,0,0,0,1,0,6,0,0,1,0,0,0,0,0
https://www.ufpr.br/perguntas-frequentes,0,0,0,0,1,1,0,3,1,0,0,1,1,0,1,0,0,0,1,0,19,1,0,1,0,0,0,0,0
https://www.ufpr.br/servicos,0,0,0,0,0,0,0,2,1,0,0,0,0,0,1,0,0,0,1,0,6,0,0,1,0,0,0,0,0
https://www.ufpr.br/sobre,0,0,0,0,0,0,0,2,0,0,0,0,1,0,1,0,0,0,1,0,6,0,0,1,0,0,0,0,0
https://www.ufpr.br/transparencia,0,0,0,0,0,0,0,2,1,0,0,1,1,0,0,0,0,0,1,0,5,0,0,1,0,0,0,0,0
https://www.ufrgs.br,0,0,0,0,0,0,0,0,17,0,0,0,0,0,3,0,0,3,0,0,20,2,2,1,0,1,1,9,0
https://www.ufrgs.br/acessibilidade,0,0,0,0,0,0,0,0,0,1,0,0,1,1,1,0,0,0,1,0,1,0,0,0,0,0,0,0,0
https://www.ufrgs.br/contato,0,0,0,0,0,0,0,0,0,1,0,0,1,1,1,0,0,0,1,0,1,0,0,0,0,0,0,0,0
https://www.ufrgs.br/documentos,0,0,0,0,0,0,0,0,0,1,0,0,1,1,1,0,0,0,1,0,1,0,0,0,0,0,0,0,0
https://www.ufrgs.br/editais,0,0,0,0,0,0,0,0,0,1,0,0,1,1,1,0,0,0,1,0,1,0,0,0,0,0,0,0,0
https://www.ufrgs.br/noticias,0,0,0,0,0,0,0,0,0,1,0,0,1,1,1,0,0,0,1,0,1,0,0,0,0,0,0,0,0
https://www.ufrgs.br/perguntas-frequentes,0,0,0,0,0,0,0,0,0,1,0,0,1,1,1,0,0,0,1,0,1,0,0,0,0,0,0,0,0
https://www.ufrgs.br/servicos,0,0,0,0,0,0,0,0,0,1,0,0,1,1,1,0,0,0,1,0,1,0,0,0,0,0,0,0,0
https://www.ufrgs.br/sobre,0,0,0,0,0,0,0,0,0,1,0,0,1,1,1,0,0,0,1,0,1,0,0,0,0,0,0,0,0
https://www.ufrgs.br/transparencia,0,0,0,0,0,0,0,0,0,1,0,0,1,1,1,0,0,0,1,0,1,0,0,0,0,0,0,0,0
https://www.ufrn.br,0,0,0,0,0,0,0,2,1,0,0,0,0,0,2,0,0,0,0,0,1,2,0,0,0,0,0,22,0
https://www.ufrn.br/acessibilidade,0,0,0,0,0,0,0,0,0,0,0,0,0,1,0,0,0,0,1,0,0,0,0,0,0,0,0,0,0
https://www.ufrn.br/contato,0,0,0,0,0,0,0,0,0,0,0,0,0,1,0,0,0,0,1,0,0,0,0,0,0,0,0,0,0
https://www.ufrn.br/documentos,0,0,0,0,0,0,0,0,0,0,0,0,0,1,0,0,0,0,1,0,0,0,0,0,0,0,0,0,0
https://www.ufrn.br/editais,0,0,0,0,0,0,0,0,0,0,0,0,0,1,0,0,0,0,1,0,0,0,0,0,0,0,0,0,0
https://www.ufrn.br/noticias,0,0,0,0,0,0,0,0,0,0,0,0,0,1,0,0,0,0,1,0,0,0,0,0,0,0,0,0,0
https://www.ufrn.br/perguntas-frequentes,0,0,0,0,0,0,0,0,0,0,0,0,0,1,0,0,0,0,1,0,0,0,0,0,0,0,0,0,0
https://www.ufrn.br/servicos,0,0,0,0,0,0,0,0,0,0,0,0,0,0,0,0,0,0,0,0,1,1,0,0,0,0,0,22,0
https://www.ufrn.br/sobre,0,0,0,0,0,0,0,0,0,0,0,0,0,1,0,0,0,0,1,0,0,0,0,0,0,0,0,0,0
https://www.ufs.br,0,0,1,0,1,1,0,0,14,0,0,0,0,0,0,0,0,0,0,6,1,0,0,0,0,0,0,3,0
https://www.ufs.br/acessibilidade,0,0,1,0,0,0,0,0,1,0,0,0,0,0,0,0,0,0,0,6,1,0,0,0,0,0,0,0,0
https://www.ufs.br/contato,0,0,1,0,0,0,0,0,1,0,0,0,0,0,0,0,0,0,0,6,1,0,0,0,0,0,0,0,0
https://www.ufs.br/editais,0,0,1,0,0,0,0,0,1,0,0,0,0,0,0,0,0,0,0,6,1,0,0,0,0,0,0,0,0
https://www.ufs.br/noticias,0,0,1,0,0,0,0,0,1,0,0,0,0,0,0,0,0,0,0,6,1,0,0,0,0,0,0,0,0
https://www.ufs.br/perguntas-frequentes,0,0,1,0,0,0,0,0,1,0,0,0,0,0,0,0,0,0,0,6,1,0,0,0,0,0,0,0,0
https://www.ufs.br/servicos,0,0,1,0,0,0,0,0,1,0,0,0,0,0,0,0,0,0,0,6,1,0,0,0,0,0,0,0,0
https://www.ufs.br/sobre,0,0,1,0,0,0,0,0,1,0,0,0,0,0,0,0,0,0,0,6,1,0,0,0,0,0,0,0,0
https://www.ufs.br/transparencia,0,0,1,0,0,0,0,0,1,0,0,0,0,0,0,0,0,0,0,6,1,0,0,0,0,0,0,0,0
https://www.uft.edu.br,0,0,0,0,0,0,0,1,0,0,0,0,1,0,2,0,0,0,0,0,15,0,0,0,0,2,0,0,0
https://www.uft.edu.br/acessibilidade,0,0,0,0,0,0,0,3,0,0,1,0,1,0,2,0,0,0,0,0,6,0,0,0,0,2,0,0,0
https://www.uft.edu.br/contato,0,0,0,0,0,0,0,3,0,0,1,0,1,0,2,0,0,0,0,0,6,0,0,0,0,2,0,0,0
https://www.uft.edu.br/documentos,0,0,0,0,0,0,0,3,0,0,1,0,1,0,2,0,0,0,0,0,6,0,0,0,0,2,0,0,0
https://www.uft.edu.br/editais,0,0,0,0,0,0,0,1,0,0,0,0,1,0,2,0,0,0,0,0,7,0,0,0,0,2,0,0,0
https://www.uft.edu.br/noticias,0,0,0,0,0,0,0,1,1,0,0,0,1,0,2,0,0,0,0,0,7,0,0,0,0,2,0,0,0
https://www.uft.edu.br/perguntas-frequentes,0,0,0,0,0,0,0,3,0,0,1,0,1,0,2,0,0,0,0,0,6,0,0,0,0,2,0,0,0
https://www.uft.edu.br/servicos,0,0,0,0,0,0,0,1,0,0,0,0,1,0,2,0,0,0,0,0,7,0,0,0,0,2,0,0,0
https://www.uft.edu.br/sobre,0,0,0,0,0,0,0,3,0,0,1,0,1,0,2,0,0,0,0,0,6,0,0,0,0,2,0,0,0
https://www.uft.edu.br/transparencia,0,0,0,0,0,0,0,1,0,0,0,0,0,0,3,0,0,0,0,0,11,0,0,0,0,2,0,0,0
https://www.unb.br,0,0,0,0,0,0,0,0,0,0,0,2,1,0,0,0,0,3,0,0,3,0,0,0,0,0,0,29,0
https://www.unb.br/acessibilidade,0,0,0,0,0,0,0,0,0,0,0,0,0,0,0,0,0,2,0,4,1,0,0,0,0,0,0,29,0
https://www.unb.br/contato,0,0,0,0,0,0,0,0,0,0,0,0,0,0,0,0,0,0,1,0,0,0,0,0,0,0,0,0,0
https://www.unb.br/documentos,0,0,0,0,0,0,0,0,0,0,0,0,0,0,0,0,0,0,1,0,0,0,0,0,0,0,0,0,0
https://www.unb.br/editais,0,0,0,0,0,0,0,0,0,0,0,0,0,0,0,0,0,0,1,0,0,0,0,0,0,0,0,0,0
https://www.unb.br/noticias,0,0,0,0,0,0,0,0,0,0,0,0,0,0,0,0,0,0,1,0,0,0,0,0,0,0,0,0,0
https://www.unb.br/perguntas-frequentes,0,0,0,0,0,0,0,0,0,0,0,0,0,0,0,0,0,2,0,0,1,0,0,0,0,0,0,30,0
https://www.unb.br/servicos,0,0,0,0,0,0,0,0,0,0,0,0,0,0,0,0,0,0,1,0,0,0,0,0,0,0,0,0,0
https://www.unb.br/sobre,0,0,0,0,0,0,0,0,0,0,0,0,0,0,0,0,0,0,1,0,0,0,0,0,0,0,0,0,0
https://www.unb.br/transparencia,0,0,0,0,0,0,0,0,0,0,0,0,0,0,0,0,0,0,1,0,0,0,0,0,0,0,0,0,0
https://www.unesp.br,0,0,0,0,0,0,0,0,3,0,0,1,0,0,0,0,0,0,1,0,1,0,0,0,0,0,0,4,0
https://www.unesp.br/acessibilidade,0,0,0,0,0,0,0,0,1,0,0,1,0,0,0,0,0,0,0,0,1,0,0,0,0,0,0,0,0
https://www.unesp.br/contato,0,0,0,0,0,0,0,0,1,0,0,1,0,0,0,0,0,0,0,0,1,0,0,0,0,0,0,0,0
https://www.unesp.br/documentos,0,0,0,0,0,0,0,0,1,0,0,1,0,0,0,0,0,0,0,0,1,0,0,0,0,0,0,0,0
https://www.unesp.br/editais,0,0,0,0,0,0,0,0,1,0,0,1,0,0,0,0,0,0,0,0,1,0,0,0,0,0,0,0,0
https://www.unesp.br/noticias,0,0,0,0,0,0,0,0,29,0,0,0,0,0,12,0,0,0,1,0,0,0,0,0,0,0,0,4,0
https://www.unesp.br/perguntas-frequentes,0,0,0,0,0,0,0,0,1,0,0,1,0,0,0,0,0,0,0,0,1,0,0,0,0,0,0,0,0
https://www.unesp.br/servicos,0,0,0,0,0,0,0,0,1,0,0,1,0,0,0,0,0,0,0,0,1,0,0,0,0,0,0,0,0
https://www.unesp.br/sobre,0,0,0,0,0,0,0,0,1,0,0,1,0,0,0,0,0,0,0,0,1,0,0,0,0,0,0,0,0
https://www.unesp.br/transparencia,0,0,0,0,0,0,0,0,31,0,0,0,0,0,0,0,0,0,1,0,3,0,0,0,0,0,0,4,0
https://www.unicamp.br,0,0,0,0,0,2,6,0,9,0,0,0,0,0,1,0,0,0,0,0,1,0,6,0,0,0,0,8,0
https://www.unicamp.br/acessibilidade,0,0,0,0,0,2,6,0,4,0,0,0,0,0,0,0,0,0,0,0,0,0,6,0,0,0,0,0,0
https://www.unicamp.br/contato,0,0,0,0,0,2,6,0,8,0,0,0,0,0,0,0,0,0,0,1,0,0,6,0,0,0,0,0,0
https://www.unicamp.br/documentos,0,0,0,0,0,2,6,0,4,0,0,0,0,0,0,0,0,0,0,0,0,0,6,0,0,0,0,0,0
https://www.unicamp.br/editais,0,0,0,0,0,2,6,0,8,0,0,0,0,0,0,0,0,0,0,1,0,0,6,0,0,0,0,0,0
https://www.unicamp.br/noticias,0,0,0,0,0,2,6,0,6,0,0,0,0,0,0,0,0,0,0,0,0,0,6,0,0,0,0,0,0
https://www.unicamp.br/perguntas-frequentes,0,0,0,0,0,2,6,0,4,0,0,0,0,0,0,0,0,0,0,0,0,0,6,0,0,0,0,0,0
https://www.unicamp.br/servicos,0,0,0,0,0,2,6,0,4,0,0,0,0,0,0,0,0,0,0,0,0,0,6,0,0,0,0,0,0
https://www.unicamp.br/sobre,0,0,0,0,0,2,6,0,4,0,0,0,0,0,0,0,0,0,0,0,0,0,6,0,0,0,0,0,0
https://www.unicamp.br/transparencia,0,0,0,0,0,2,6,0,4,0,0,0,0,0,0,0,0,0,0,0,0,0,6,0,0,0,0,0,0
https://www.unifap.br,0,0,0,0,0,0,0,0,5,0,0,0,1,0,0,0,0,0,0,0,20,0,0,0,0,0,0,1,0
https://www.unifap.br/acessibilidade,0,0,0,0,0,0,0,0,0,0,0,0,0,0,0,0,0,0,0,3,0,0,0,0,0,0,0,0,0
https://www.unifap.br/contato,0,0,0,0,0,0,0,0,1,0,0,1,1,0,0,0,0,0,0,0,0,0,0,0,0,0,0,0,0
https://www.unifap.br/documentos,0,0,0,0,0,0,0,0,0,0,0,0,1,0,0,0,0,0,0,0,0,0,0,0,0,0,0,0,0
https://www.unifap.br/noticias,0,0,0,0,0,0,0,0,1,0,0,0,1,0,0,0,0,0,0,0,0,0,0,0,0,0,0,0,0
https://www.unifap.br/perguntas-frequentes,0,0,0,0,0,0,0,0,1,0,0,0,1,0,0,0,0,0,0,0,0,0,0,0,0,0,0,0,0
https://www.unifap.br/servicos,0,0,0,0,0,0,0,0,2,0,0,0,1,0,0,0,0,0,0,0,6,0,0,0,0,0,0,0,0
https://www.unifap.br/transparencia,0,0,0,0,0,0,0,0,0,0,0,0,1,0,0,0,0,0,0,0,0,0,0,0,0,0,0,0,0
https://www5.usp.br,0,0,0,0,0,0,0,0,29,0,0,0,2,0,0,0,0,0,0,0,33,0,0,0,0,0,0,35,0
https://www5.usp.br/acessibilidade,0,0,0,0,0,0,0,0,10,0,0,0,2,0,0,0,0,0,0,0,4,0,0,0,0,0,0,1,0
https://www5.usp.br/contato,0,0,0,0,0,0,0,0,10,0,0,0,0,0,0,0,0,0,0,0,4,0,0,0,0,0,0,1,0
https://www5.usp.br/documentos,0,0,0,0,0,0,0,0,10,0,0,0,2,0,0,0,0,0,0,0,4,0,0,0,0,0,0,1,0
https://www5.usp.br/editais,0,0,0,0,0,0,0,0,10,0,0,0,2,0,0,0,0,0,0,0,4,0,0,0,0,0,0,1,0
https://www5.usp.br/noticias,0,0,0,0,0,0,0,0,39,0,0,0,1,0,0,0,0,0,0,0,4,0,0,0,0,0,0,3,0
https://www5.usp.br/perguntas-frequentes,0,0,0,0,0,0,0,0,10,0,0,0,2,0,0,0,0,0,0,0,4,0,0,0,0,0,0,1,0
https://www5.usp.br/servicos,0,0,0,0,0,0,0,0,16,0,0,0,1,0,0,0,0,0,0,0,4,0,0,0,0,0,0,1,0
https://www5.usp.br/sobre,0,0,0,0,0,0,0,0,10,0,0,0,2,0,0,0,0,0,0,0,4,0,0,0,0,0,0,1,0
