pca_1,pca_2,cluster
2.1958178679451437,1.552975303839589,2
-0.31509342283299346,-0.15137641169105126,2
1.7647385196539738,1.0994742771221016,2
-0.31509342283299346,-0.15137641169105126,2
0.33484925270211147,-0.25849443962487173,2
-0.31509342283299346,-0.15137641169105126,2
0.21930202880917396,-0.2514102310889958,2
0.6088291521178928,-0.2954780646379427,2
-0.31509342283299346,-0.15137641169105126,2
-0.31509342283299346,-0.15137641169105126,2
3.279073033847153,0.10304553899837858,2
0.3294777133879481,-0.6649284839029942,2
0.3294777133879481,-0.6649284839029942,2
0.3294777133879481,-0.6649284839029942,2
0.3294777133879481,-0.6649284839029942,2
0.20351639041234562,-0.5517764406854793,2
0.3294777133879481,-0.6649284839029942,2
0.3294777133879481,-0.6649284839029942,2
0.3294777133879481,-0.6649284839029942,2
0.3294777133879481,-0.6649284839029942,2
3.137406027418957,-1.365198800988146,2
-0.8654860862896328,0.226368686769532,2
-0.8654860862896328,0.226368686769532,2
-0.9141278427404643,0.21847476089203607,2
-0.8654860862896328,0.226368686769532,2
0.1974615028664118,0.22318583716619594,2
-0.6365196191991612,0.2737538604486952,2
-0.8654860862896328,0.226368686769532,2
-0.8654860862896328,0.226368686769532,2
-0.8654860862896328,0.226368686769532,2
-0.9578569803070012,-0.35524884453742556,2
-0.7960642938921515,-0.2575725299884695,2
-0.8293491959817155,-0.2606054070878799,2
-0.7960642938921515,-0.2575725299884695,2
-1.2565313902539628,-0.34763080723239953,2
-0.8258048758188885,-0.26483285163437104,2
-0.831121356063129,-0.25849168481463425,2
-0.8293491959817155,-0.2606054070878799,2
-0.2776913967343209,-0.45382591058738014,2
12.353933749502044,15.095254486546464,1
-0.6375617919545146,0.34327281179880476,2
-0.6375617919545146,0.34327281179880476,2
-0.6375617919545146,0.34327281179880476,2
-0.6375617919545146,0.34327281179880476,2
-0.6375617919545146,0.34327281179880476,2
-0.6375617919545146,0.34327281179880476,2
-0.6375617919545146,0.34327281179880476,2
-0.6375617919545146,0.34327281179880476,2
-0.6375617919545146,0.34327281179880476,2
-1.2191970890105923,-0.3485830618955278,2
-1.2191970890105923,-0.3485830618955278,2
-1.2191970890105923,-0.3485830618955278,2
-1.2191970890105923,-0.3485830618955278,2
-1.2191970890105923,-0.3485830618955278,2
-1.2191970890105923,-0.3485830618955278,2
-1.2191970890105923,-0.3485830618955278,2
-1.2191970890105923,-0.3485830618955278,2
-1.2191970890105923,-0.3485830618955278,2
-1.2191970890105923,-0.3485830618955278,2
0.6937276658892019,-0.6108761410108745,2
-0.4700757596575514,-0.6302250828526849,2
-0.22980183735961862,-0.5739937286328975,2
0.692220763070944,-0.955647787003516,2
-0.4700757596575514,-0.6302250828526849,2
-0.22980183735961862,-0.5739937286328975,2
0.9388437721934082,-0.7649627361305558,2
0.7446404129792783,-0.8066109440160864,2
-0.08387656800712373,-0.5503119510004095,2
-0.08387656800712373,-0.5503119510004095,2
5.157596599800227,4.520609754647412,2
0.628479939721165,1.1919548849509913,2
0.628479939721165,1.1919548849509913,2
0.628479939721165,1.1919548849509913,2
0.628479939721165,1.1919548849509913,2
2.1843522768307966,1.2576935089804622,2
0.628479939721165,1.1919548849509913,2
0.628479939721165,1.1919548849509913,2
0.628479939721165,1.1919548849509913,2
0.628479939721165,1.1919548849509913,2
2.080802057419677,3.1306523104286983,2
0.5974218918164419,3.1411116300529107,2
0.22169222105045472,2.285294470077861,2
0.22169222105045472,2.285294470077861,2
0.22169222105045472,2.285294470077861,2
0.22169222105045472,2.285294470077861,2
0.22169222105045472,2.285294470077861,2
2.3554375961218144,3.053903507176387,2
0.22169222105045472,2.285294470077861,2
0.22169222105045472,2.285294470077861,2
-0.48608083119566975,-0.4087343420441632,2
1.2090553246064222,0.05931702871072498,2
-0.45967401176097544,-0.3340455081339623,2
-1.0932357660349898,-0.46173510511304255,2
-1.0932357660349898,-0.46173510511304255,2
-1.0932357660349898,-0.46173510511304255,2
-1.0932357660349898,-0.46173510511304255,2
-1.0932357660349898,-0.46173510511304255,2
-1.0932357660349898,-0.46173510511304255,2
-0.8927427997808213,-0.423966288136979,2
-1.0932357660349898,-0.46173510511304255,2
-1.0932357660349898,-0.46173510511304255,2
-0.21421599376064338,-0.3074186724724212,2
-1.0932357660349898,-0.46173510511304255,2
-1.0932357660349898,-0.46173510511304255,2
-1.0932357660349898,-0.46173510511304255,2
-1.0932357660349898,-0.46173510511304255,2
-1.0932357660349898,-0.46173510511304255,2
-1.0932357660349898,-0.46173510511304255,2
-1.0932357660349898,-0.46173510511304255,2
-1.0932357660349898,-0.46173510511304255,2
-1.0932357660349898,-0.46173510511304255,2
-0.26294175417416965,-0.41180276746613853,2
-1.0932357660349898,-0.46173510511304255,2
-1.0932357660349898,-0.46173510511304255,2
-1.0932357660349898,-0.46173510511304255,2
-1.0932357660349898,-0.46173510511304255,2
-1.0932357660349898,-0.46173510511304255,2
-1.0932357660349898,-0.46173510511304255,2
-1.0932357660349898,-0.46173510511304255,2
-1.0932357660349898,-0.46173510511304255,2
-1.0932357660349898,-0.46173510511304255,2
-0.650696717401475,-0.3698486561904373,2
-1.0932357660349898,-0.46173510511304255,2
-1.0932357660349898,-0.46173510511304255,2
-1.0932357660349898,-0.46173510511304255,2
-1.0932357660349898,-0.46173510511304255,2
-0.8909706396994078,-0.42608001041022464,2
-0.8927427997808213,-0.423966288136979,2
-1.0932357660349898,-0.46173510511304255,2
-1.0932357660349898,-0.46173510511304255,2
-0.6489245573200615,-0.37196237846368285,2
-1.0932357660349898,-0.46173510511304255,2
-1.0932357660349898,-0.46173510511304255,2
-1.0932357660349898,-0.46173510511304255,2
-1.0932357660349898,-0.46173510511304255,2
-1.0932357660349898,-0.46173510511304255,2
-0.8891984796179943,-0.4281937326834702,2
-1.0932357660349898,-0.46173510511304255,2
-1.0932357660349898,-0.46173510511304255,2
-1.0932357660349898,-0.46173510511304255,2
-1.0932357660349898,-0.46173510511304255,2
-1.0932357660349898,-0.46173510511304255,2
-1.0932357660349898,-0.46173510511304255,2
-0.8927427997808213,-0.423966288136979,2
-1.0932357660349898,-0.46173510511304255,2
-1.0932357660349898,-0.46173510511304255,2
-1.0932357660349898,-0.46173510511304255,2
-0.8856541594551672,-0.43242117722996143,2
-0.8927427997808213,-0.423966288136979,2
-0.7951743114074823,-0.5344788495202181,0
-0.7951743114074823,-0.5344788495202181,0
-0.7951743114074823,-0.5344788495202181,0
-0.6017699854789677,-0.48825514345117216,0
-0.7951743114074823,-0.5344788495202181,0
-0.9199080399286438,-0.25208023091503146,2
-0.8927427997808213,-0.423966288136979,2
-0.7951743114074823,-0.5344788495202181,0
-0.650696717401475,-0.3698486561904373,2
-1.0932357660349898,-0.46173510511304255,2
-1.0932357660349898,-0.46173510511304255,2
-1.0932357660349898,-0.46173510511304255,2
-1.0932357660349898,-0.46173510511304255,2
-1.0932357660349898,-0.46173510511304255,2
-1.0932357660349898,-0.46173510511304255,2
-1.0932357660349898,-0.46173510511304255,2
-1.0932357660349898,-0.46173510511304255,2
-1.0932357660349898,-0.46173510511304255,2
-0.436778156864351,1.622051559448876,2
-1.54998648096921,0.5911402840374286,2
-1.54998648096921,0.5911402840374286,2
-1.54998648096921,0.5911402840374286,2
-1.54998648096921,0.5911402840374286,2
-1.54998648096921,0.5911402840374286,2
-1.54998648096921,0.5911402840374286,2
-1.54998648096921,0.5911402840374286,2
-1.54998648096921,0.5911402840374286,2
-1.54998648096921,0.5911402840374286,2
-1.54998648096921,0.5911402840374286,2
-1.54998648096921,0.5911402840374286,2
-1.54998648096921,0.5911402840374286,2
-1.54998648096921,0.5911402840374286,2
-1.54998648096921,0.5911402840374286,2
-1.54998648096921,0.5911402840374286,2
-1.54998648096921,0.5911402840374286,2
-1.54998648096921,0.5911402840374286,2
-1.54998648096921,0.5911402840374286,2
-1.54998648096921,0.5911402840374286,2
0.20683537833340898,-0.4492324774465722,2
0.20683537833340898,-0.4492324774465722,2
0.20683537833340898,-0.4492324774465722,2
0.20683537833340898,-0.4492324774465722,2
0.20683537833340898,-0.4492324774465722,2
0.20683537833340898,-0.4492324774465722,2
0.20683537833340898,-0.4492324774465722,2
0.20683537833340898,-0.4492324774465722,2
0.20683537833340898,-0.4492324774465722,2
0.20683537833340898,-0.4492324774465722,2
-1.144528486523852,-0.3504875712217843,2
-0.47251106414318866,-0.3676281551580928,2
-1.144528486523852,-0.3504875712217843,2
-1.144528486523852,-0.3504875712217843,2
-1.144528486523852,-0.3504875712217843,2
-1.144528486523852,-0.3504875712217843,2
-1.144528486523852,-0.3504875712217843,2
-1.144528486523852,-0.3504875712217843,2
-1.144528486523852,-0.3504875712217843,2
-1.144528486523852,-0.3504875712217843,2
-0.6524688774828885,-0.36773493391719164,2
-0.6524688774828885,-0.36773493391719164,2
-0.6524688774828885,-0.36773493391719164,2
-0.6524688774828885,-0.36773493391719164,2
-0.6524688774828885,-0.36773493391719164,2
-0.6524688774828885,-0.36773493391719164,2
2.0943028442414264,-0.9530946368713433,2
-0.9118568521012191,0.014846032009328264,2
-0.9118568521012191,0.014846032009328264,2
-0.9118568521012191,0.014846032009328264,2
-0.9118568521012191,0.014846032009328264,2
0.26633606153589945,-0.36796460940815523,2
-0.9118568521012191,0.014846032009328264,2
-0.9118568521012191,0.014846032009328264,2
-0.9118568521012191,0.014846032009328264,2
2.0943028442414264,-0.9530946368713433,2
-1.4462523037433868,0.11487985140727286,2
-1.4462523037433868,0.11487985140727286,2
-1.4462523037433868,0.11487985140727286,2
-1.4462523037433868,0.11487985140727286,2
-1.4462523037433868,0.11487985140727286,2
-1.4462523037433868,0.11487985140727286,2
-1.4462523037433868,0.11487985140727286,2
-1.4462523037433868,0.11487985140727286,2
-1.4462523037433868,0.11487985140727286,2
-1.487255200041678,0.31835444558740295,2
-1.487255200041678,0.31835444558740295,2
-1.487255200041678,0.31835444558740295,2
-1.487255200041678,0.31835444558740295,2
-1.487255200041678,0.31835444558740295,2
-1.487255200041678,0.31835444558740295,2
-1.487255200041678,0.31835444558740295,2
-1.487255200041678,0.31835444558740295,2
-1.487255200041678,0.31835444558740295,2
-1.487255200041678,0.31835444558740295,2
2.1179843454384493,-1.507418519323693,2
0.9016571984175831,-1.534264916780542,2
2.1179843454384493,-1.507418519323693,2
1.0136601021476939,-1.5371216807699268,2
-1.1965821785956696,-0.33089070081427935,2
0.10501037759538022,-1.484649148161171,2
0.8935584001099707,-1.5262946532554649,2
2.1179843454384493,-1.507418519323693,2
1.0136601021476939,-1.5371216807699268,2
0.3290161850556013,-1.4903626761399407,2
-0.3339444642133303,0.470143819377559,2
-0.6941952893483824,0.39161057976376934,2
-0.9182010968086035,0.39732410774253885,2
-0.9182010968086035,0.39732410774253885,2
-0.9182010968086035,0.39732410774253885,2
-0.5335506291674401,0.3966477416518806,2
-0.9182010968086035,0.39732410774253885,2
-0.3718343206419941,0.49300347293561864,2
-0.9182010968086035,0.39732410774253885,2
-0.9182010968086035,0.39732410774253885,2
0.05295668552356297,-1.465052277753666,2
-1.54998648096921,0.5911402840374286,2
-1.54998648096921,0.5911402840374286,2
-1.54998648096921,0.5911402840374286,2
-1.54998648096921,0.5911402840374286,2
-1.54998648096921,0.5911402840374286,2
-1.54998648096921,0.5911402840374286,2
-1.54998648096921,0.5911402840374286,2
-1.54998648096921,0.5911402840374286,2
3.149952396879268,-1.3066291220161177,2
3.3635527097683653,-1.737120623617803,2
2.579054086407581,-1.6994602502860476,2
2.579054086407581,-1.6994602502860476,2
3.263698003499673,-1.7462192549160338,2
3.2596486043458666,-1.7422341231534952,2
3.038780935563008,-1.7975895603577356,2
2.579054086407581,-1.6994602502860476,2
3.749043919663486,-1.7585985655367011,2
-0.8773985102412536,-0.2534797217113872,2
-0.5727987336383144,-0.451473645282857,2
-0.722135938611795,-0.447664626630344,2
-0.722135938611795,-0.447664626630344,2
-0.722135938611795,-0.447664626630344,2
-0.722135938611795,-0.447664626630344,2
-0.722135938611795,-0.447664626630344,2
-0.722135938611795,-0.447664626630344,2
-0.722135938611795,-0.447664626630344,2
-0.722135938611795,-0.447664626630344,2
0.5564922211266359,0.10068729696177312,2
0.4650265524454246,0.07201138610354456,0
0.2042993990612872,0.14380287584759185,2
0.4650265524454246,0.07201138610354456,0
0.4650265524454246,0.07201138610354456,0
2.6315409924140805,0.7959317287588544,2
0.4650265524454246,0.07201138610354456,0
0.4650265524454246,0.07201138610354456,0
0.4650265524454246,0.07201138610354456,0
0.4650265524454246,0.07201138610354456,0
4.617355835499639,-4.201298561003975,2
9.88740874803802,-10.110123274760936,2
4.834911246209179,-5.341618403899007,2
6.352298527393786,-4.634186932925416,2
4.834911246209179,-5.341618403899007,2
9.88740874803802,-10.110123274760936,2
9.88740874803802,-10.110123274760936,2
4.834911246209179,-5.341618403899007,2
4.617355835499639,-4.201298561003975,2
6.670572605343241,4.276695089680903,2
1.0059771340024586,1.0928965100805081,2
6.670572605343241,4.276695089680903,2
1.162068913580674,0.9492865356559131,2
1.162068913580674,0.9492865356559131,2
0.8566399290289779,1.096705528733021,2
6.670572605343241,4.276695089680903,2
0.8566399290289779,1.096705528733021,2
1.162068913580674,0.9492865356559131,2
1.51002059207628,0.8830868225607332,2
9.271059167217038,8.441564614269321,2
-0.3057879785839383,1.2676299731742304,2
-0.3057879785839383,1.2676299731742304,2
-0.3057879785839383,1.2676299731742304,2
-0.3057879785839383,1.2676299731742304,2
-0.3057879785839383,1.2676299731742304,2
-0.3057879785839383,1.2676299731742304,2
-0.3057879785839383,1.2676299731742304,2
-0.3057879785839383,1.2676299731742304,2
-0.3057879785839383,1.2676299731742304,2
2.4359829799476755,2.2703323882902327,2
-1.54998648096921,0.5911402840374286,2
-1.54998648096921,0.5911402840374286,2
-1.54998648096921,0.5911402840374286,2
-1.54998648096921,0.5911402840374286,2
-1.54998648096921,0.5911402840374286,2
-1.54998648096921,0.5911402840374286,2
0.2694921347329058,1.0206012024921078,2
-1.54998648096921,0.5911402840374286,2
3.1817378580146642,1.7444508738684914,2
-0.27349766413950455,-0.26414251621149665,2
-0.27349766413950455,-0.26414251621149665,2
-0.27349766413950455,-0.26414251621149665,2
-0.27349766413950455,-0.26414251621149665,2
-0.27349766413950455,-0.26414251621149665,2
-0.27349766413950455,-0.26414251621149665,2
-0.27349766413950455,-0.26414251621149665,2
-0.27349766413950455,-0.26414251621149665,2
1.2939818710486322,-0.29735867897940416,2
1.5555273685433408,-0.6712608613715861,0
1.5555273685433408,-0.6712608613715861,0
1.5555273685433408,-0.6712608613715861,0
0.9048478194419796,-0.36051008599937184,2
1.1338142865324508,-0.3131249123202086,2
1.5555273685433408,-0.6712608613715861,0
0.9048478194419796,-0.36051008599937184,2
1.5555273685433408,-0.6712608613715861,0
0.5952873832087902,-0.2156148640858347,2
1.6588249523040859,0.8432708215572947,2
0.34773205853486705,0.668659621189783,2
-1.4462523037433868,0.11487985140727286,2
-1.4462523037433868,0.11487985140727286,2
-1.4462523037433868,0.11487985140727286,2
-1.4462523037433868,0.11487985140727286,2
0.024732444410923517,0.6060769621766046,2
-1.4462523037433868,0.11487985140727286,2
-1.4462523037433868,0.11487985140727286,2
-1.4462523037433868,0.11487985140727286,2
-0.3140953823867683,0.2124065756803291,2
-0.6267303446473109,-0.33546728656155905,2
-0.6267303446473109,-0.33546728656155905,2
-0.6267303446473109,-0.33546728656155905,2
-0.6267303446473109,-0.33546728656155905,2
0.581643445449126,0.38325025017775116,2
-0.6267303446473109,-0.33546728656155905,2
-0.6267303446473109,-0.33546728656155905,2
-0.6267303446473109,-0.33546728656155905,2
0.439021442020541,0.24559913041667703,2
3.3614205573440272,3.679476540153684,1
2.5067655268780804,3.5349556817453105,1
2.881019799788227,3.5825169685344993,1
2.5067655268780804,3.5349556817453105,1
2.881019799788227,3.5825169685344993,1
2.5814341293648213,3.533051172419054,1
2.5067655268780804,3.5349556817453105,1
2.5067655268780804,3.5349556817453105,1
2.5067655268780804,3.5349556817453105,1
2.5067655268780804,3.5349556817453105,1
0.785072887153934,-0.19903399332160052,2
-1.194010985228641,-0.3375799212710403,2
-0.3326088153030762,-0.49173246017929095,2
-0.9511024057022663,-0.49504980030950724,2
-0.722135938611795,-0.447664626630344,2
-0.722135938611795,-0.447664626630344,2
-0.20131893281633395,-0.3529158976862051,2
-0.9511024057022663,-0.49504980030950724,2
2.716455679418755,-0.3395048738598172,2
0.5362395759525451,-0.4784693284174131,2
-0.34091916148468865,-0.23006426127923263,2
0.5362395759525451,-0.4784693284174131,2
0.5362395759525451,-0.4784693284174131,2
1.2797153463780409,-0.3619409104543875,2
0.5362395759525451,-0.4784693284174131,2
0.4174820976177,-0.33581160865594656,2
0.5362395759525451,-0.4784693284174131,2
