antecedents,consequents,antecedent support,consequent support,support,confidence,lift,representativity,leverage,conviction,zhangs_metric,jaccard,certainty,kulczynski
frozenset({'accesskeys'}),"frozenset({'target-size', 'link-name'})",0.06930693069306931,0.21534653465346534,0.05198019801980198,0.7499999999999999,3.482758620689655,1.0,0.0370551906675816,3.1386138613861374,0.7659574468085106,0.2234042553191489,0.6813880126182964,0.4956896551724137
"frozenset({'target-size', 'link-name'})",frozenset({'accesskeys'}),0.21534653465346534,0.06930693069306931,0.05198019801980198,0.24137931034482757,3.482758620689655,1.0,0.0370551906675816,1.2268226822682269,0.9085173501577285,0.2234042553191489,0.18488628026412324,0.4956896551724137
frozenset({'frame-title'}),"frozenset({'link-name', 'color-contrast'})",0.10643564356435643,0.27722772277227725,0.09653465346534654,0.9069767441860466,3.271594684385382,1.0,0.06702774237819822,7.769801980198024,0.7770438241352369,0.3362068965517241,0.8712965912711055,0.6275955149501662
"frozenset({'link-name', 'color-contrast'})",frozenset({'frame-title'}),0.27722772277227725,0.10643564356435643,0.09653465346534654,0.3482142857142857,3.271594684385382,1.0,0.06702774237819822,1.3709480537094805,0.9606603442219882,0.3362068965517241,0.27057776018994856,0.6275955149501662
"frozenset({'button-name', 'heading-order'})","frozenset({'link-name', 'image-alt'})",0.0891089108910891,0.19554455445544555,0.054455445544554455,0.6111111111111112,3.1251758087201127,1.0,0.03703068326634644,2.068599717114569,0.7465415019762845,0.2365591397849462,0.5165811965811966,0.44479606188466947
"frozenset({'link-name', 'image-alt'})","frozenset({'button-name', 'heading-order'})",0.19554455445544555,0.0891089108910891,0.054455445544554455,0.27848101265822783,3.1251758087201127,1.0,0.03703068326634644,1.2624630884141046,0.8453146853146853,0.2365591397849462,0.2078976334617501,0.44479606188466947
"frozenset({'accesskeys', 'link-name'})",frozenset({'target-size'}),0.054455445544554455,0.3069306930693069,0.05198019801980198,0.9545454545454545,3.1099706744868034,1.0,0.03526615037741398,15.247524752475222,0.7175268012964349,0.16799999999999998,0.9344155844155845,0.5619501466275659
frozenset({'target-size'}),"frozenset({'accesskeys', 'link-name'})",0.3069306930693069,0.054455445544554455,0.05198019801980198,0.1693548387096774,3.1099706744868034,1.0,0.03526615037741398,1.1383254830337401,0.9789115646258504,0.16799999999999998,0.12151663570342848,0.5619501466275659
"frozenset({'button-name', 'heading-order'})",frozenset({'image-alt'}),0.0891089108910891,0.20297029702970298,0.054455445544554455,0.6111111111111112,3.010840108401084,1.0,0.036368983432996764,2.04950495049505,0.7332015810276679,0.22916666666666663,0.5120772946859904,0.4397018970189702
"frozenset({'button-name', 'heading-order', 'link-name'})",frozenset({'image-alt'}),0.0891089108910891,0.20297029702970298,0.054455445544554455,0.6111111111111112,3.010840108401084,1.0,0.036368983432996764,2.04950495049505,0.7332015810276679,0.22916666666666663,0.5120772946859904,0.4397018970189702
frozenset({'image-alt'}),"frozenset({'button-name', 'heading-order', 'link-name'})",0.20297029702970298,0.0891089108910891,0.054455445544554455,0.26829268292682923,3.0108401084010836,1.0,0.036368983432996764,1.244884488448845,0.8379446640316205,0.22916666666666663,0.196712619300106,0.4397018970189702
frozenset({'image-alt'}),"frozenset({'button-name', 'heading-order'})",0.20297029702970298,0.0891089108910891,0.054455445544554455,0.26829268292682923,3.0108401084010836,1.0,0.036368983432996764,1.244884488448845,0.8379446640316205,0.22916666666666663,0.196712619300106,0.4397018970189702
frozenset({'image-alt'}),"frozenset({'heading-order', 'link-name'})",0.20297029702970298,0.16831683168316833,0.10148514851485149,0.5,2.9705882352941173,1.0,0.06732183119302029,1.6633663366336633,0.8322981366459626,0.3761467889908257,0.3988095238095238,0.5514705882352942
"frozenset({'button-name', 'image-alt'})","frozenset({'heading-order', 'link-name'})",0.10891089108910891,0.16831683168316833,0.054455445544554455,0.5,2.9705882352941173,1.0,0.03612390942064503,1.6633663366336633,0.7444444444444442,0.2444444444444444,0.3988095238095238,0.4117647058823529
"frozenset({'heading-order', 'link-name'})","frozenset({'button-name', 'image-alt'})",0.16831683168316833,0.10891089108910891,0.054455445544554455,0.32352941176470584,2.9705882352941173,1.0,0.03612390942064503,1.3172621609987085,0.7976190476190474,0.2444444444444444,0.24084967320261436,0.4117647058823529
"frozenset({'heading-order', 'link-name'})",frozenset({'image-alt'}),0.16831683168316833,0.20297029702970298,0.10148514851485149,0.6029411764705882,2.9705882352941173,1.0,0.06732183119302029,2.0073340667400075,0.7976190476190476,0.3761467889908257,0.501826817683595,0.5514705882352942
frozenset({'html-has-lang'}),frozenset({'landmark-one-main'}),0.13366336633663367,0.3712871287128713,0.13366336633663367,1.0,2.6933333333333334,1.0,0.0840358788354083,inf,0.7257142857142859,0.36000000000000004,1.0,0.68
frozenset({'landmark-one-main'}),frozenset({'html-has-lang'}),0.3712871287128713,0.13366336633663367,0.13366336633663367,0.36000000000000004,2.6933333333333334,1.0,0.0840358788354083,1.3536509900990101,1.0000000000000002,0.36000000000000004,0.2612571428571429,0.68
"frozenset({'link-name', 'landmark-one-main'})",frozenset({'image-alt'}),0.18316831683168316,0.20297029702970298,0.09900990099009901,0.5405405405405406,2.6631509558338826,1.0,0.06183217331634154,1.7347117064647644,0.7645454545454545,0.3448275862068965,0.4235353365788148,0.5141727092946605
frozenset({'image-alt'}),"frozenset({'link-name', 'landmark-one-main'})",0.20297029702970298,0.18316831683168316,0.09900990099009901,0.4878048780487805,2.6631509558338826,1.0,0.06183217331634154,1.5947666195190948,0.7835403726708075,0.3448275862068965,0.3729490022172949,0.5141727092946605
"frozenset({'target-size', 'heading-order'})","frozenset({'link-name', 'color-contrast'})",0.08415841584158416,0.27722772277227725,0.06188118811881188,0.7352941176470588,2.6523109243697474,1.0,0.03855014214292716,2.73047304730473,0.6802162162162161,0.20661157024793386,0.6337630942788073,0.47925420168067223
"frozenset({'link-name', 'color-contrast'})","frozenset({'target-size', 'heading-order'})",0.27722772277227725,0.08415841584158416,0.06188118811881188,0.2232142857142857,2.6523109243697474,1.0,0.03855014214292716,1.1790144531694549,0.861917808219178,0.20661157024793386,0.15183397683397679,0.47925420168067223
frozenset({'landmark-one-main'}),frozenset({'meta-viewport'}),0.3712871287128713,0.054455445544554455,0.05198019801980198,0.13999999999999999,2.570909090909091,1.0,0.03176159200078424,1.0994704121574947,0.9718785151856019,0.1390728476821192,0.09047120418848167,0.5472727272727272
frozenset({'meta-viewport'}),frozenset({'landmark-one-main'}),0.054455445544554455,0.3712871287128713,0.05198019801980198,0.9545454545454545,2.570909090909091,1.0,0.03176159200078424,13.831683168316811,0.6462228870605835,0.1390728476821192,0.9277022190408016,0.5472727272727272
frozenset({'target-size'}),frozenset({'accesskeys'}),0.3069306930693069,0.06930693069306931,0.05198019801980198,0.1693548387096774,2.443548387096774,1.0,0.030707773747671793,1.1204460251850425,0.8523809523809524,0.16030534351145037,0.10749828414550446,0.45967741935483863
frozenset({'accesskeys'}),frozenset({'target-size'}),0.06930693069306931,0.3069306930693069,0.05198019801980198,0.7499999999999999,2.443548387096774,1.0,0.030707773747671793,2.7722772277227707,0.6347517730496455,0.16030534351145037,0.6392857142857141,0.45967741935483863
"frozenset({'target-size', 'color-contrast'})","frozenset({'heading-order', 'link-name'})",0.15099009900990099,0.16831683168316833,0.06188118811881188,0.4098360655737705,2.4349083895853423,1.0,0.03646701303793745,1.4092409240924093,0.6941107871720116,0.24038461538461536,0.2903981264637002,0.38874156219864997
"frozenset({'heading-order', 'link-name'})","frozenset({'target-size', 'color-contrast'})",0.16831683168316833,0.15099009900990099,0.06188118811881188,0.3676470588235294,2.4349083895853423,1.0,0.03646701303793745,1.3426203085424822,0.7085714285714285,0.24038461538461536,0.25518778940147485,0.38874156219864997
"frozenset({'button-name', 'color-contrast'})","frozenset({'target-size', 'link-name'})",0.10643564356435643,0.21534653465346534,0.054455445544554455,0.5116279069767442,2.3758353381448813,1.0,0.03153489853935888,1.606671381423857,0.6480735331150842,0.2037037037037037,0.3775951874403933,0.3822507350975675
"frozenset({'target-size', 'link-name'})","frozenset({'button-name', 'color-contrast'})",0.21534653465346534,0.10643564356435643,0.054455445544554455,0.25287356321839083,2.3758353381448813,1.0,0.03153489853935888,1.196001523229246,0.7380269572698593,0.2037037037037037,0.1638806635463432,0.3822507350975675
"frozenset({'button-name', 'link-name'})","frozenset({'heading-order', 'image-alt'})",0.22772277227722773,0.10148514851485149,0.054455445544554455,0.23913043478260868,2.356309650053022,1.0,0.03134496617978629,1.1809052333804808,0.7453379953379953,0.19819819819819817,0.1531919990418014,0.38785790031813355
"frozenset({'heading-order', 'image-alt'})","frozenset({'button-name', 'link-name'})",0.10148514851485149,0.22772277227722773,0.054455445544554455,0.5365853658536585,2.3563096500530216,1.0,0.03134496617978629,1.666492965085982,0.6406210869020786,0.19819819819819817,0.3999374609130706,0.38785790031813355
frozenset({'target-size'}),"frozenset({'heading-order', 'link-name', 'color-contrast'})",0.3069306930693069,0.08663366336633663,0.06188118811881188,0.20161290322580647,2.3271889400921664,1.0,0.035290657778649155,1.144014401440144,0.822857142857143,0.18656716417910446,0.12588512981904015,0.4579493087557604
"frozenset({'heading-order', 'link-name', 'color-contrast'})",frozenset({'target-size'}),0.08663366336633663,0.3069306930693069,0.06188118811881188,0.7142857142857143,2.327188940092166,1.0,0.035290657778649155,2.4257425742574257,0.624390243902439,0.18656716417910446,0.5877551020408164,0.4579493087557604
"frozenset({'button-name', 'link-name', 'image-alt'})",frozenset({'heading-order'}),0.10396039603960396,0.23267326732673269,0.054455445544554455,0.5238095238095238,2.2512664640324216,1.0,0.030266640525438683,1.6113861386138615,0.6202913108990457,0.19298245614035087,0.37941628264208915,0.3789260385005066
frozenset({'heading-order'}),"frozenset({'button-name', 'link-name', 'image-alt'})",0.23267326732673269,0.10396039603960396,0.054455445544554455,0.23404255319148934,2.251266464032421,1.0,0.030266640525438683,1.169829482948295,0.7243401759530791,0.19298245614035087,0.14517456212530852,0.3789260385005066
"frozenset({'button-name', 'link-name'})",frozenset({'image-alt'}),0.22772277227722773,0.20297029702970298,0.10396039603960396,0.45652173913043476,2.2492046659597027,1.0,0.05773943731006763,1.4665346534653467,0.7191697191697191,0.3181818181818181,0.3181204428841479,0.48435843054082706
frozenset({'image-alt'}),"frozenset({'button-name', 'link-name'})",0.20297029702970298,0.22772277227722773,0.10396039603960396,0.5121951219512194,2.2492046659597027,1.0,0.05773943731006763,1.5831683168316828,0.6968352558414669,0.3181818181818181,0.3683552220137585,0.48435843054082706
"frozenset({'heading-order', 'color-contrast'})","frozenset({'target-size', 'link-name'})",0.12871287128712872,0.21534653465346534,0.06188118811881188,0.4807692307692307,2.2325375773651635,1.0,0.03416331732183119,1.5111844517785111,0.6336363636363636,0.2192982456140351,0.33826741082261585,0.3840627763041556
"frozenset({'target-size', 'link-name'})","frozenset({'heading-order', 'color-contrast'})",0.21534653465346534,0.12871287128712872,0.06188118811881188,0.28735632183908044,2.2325375773651635,1.0,0.03416331732183119,1.222612583839029,0.7035962145110409,0.2192982456140351,0.1820794148380355,0.3840627763041556
"frozenset({'link-name', 'image-alt'})",frozenset({'heading-order'}),0.19554455445544555,0.23267326732673269,0.10148514851485149,0.5189873417721519,2.230541341233504,1.0,0.05598715812175277,1.5952318916102137,0.6857786116322702,0.31060606060606055,0.3731318905675786,0.4775787772690547
frozenset({'heading-order'}),"frozenset({'link-name', 'image-alt'})",0.23267326732673269,0.19554455445544555,0.10148514851485149,0.43617021276595747,2.230541341233504,1.0,0.05598715812175277,1.4267700354941155,0.7189614476789928,0.31060606060606055,0.2991162029459902,0.4775787772690547
frozenset({'color-contrast'}),frozenset({'frame-title'}),0.4207920792079208,0.10643564356435643,0.09900990099009901,0.23529411764705885,2.210670314637483,1.0,0.05422262523282032,1.1685072353389185,0.9455128205128206,0.23121387283236994,0.14420726739449244,0.5827633378932969
frozenset({'frame-title'}),frozenset({'color-contrast'}),0.10643564356435643,0.4207920792079208,0.09900990099009901,0.930232558139535,2.210670314637483,1.0,0.05422262523282032,8.301980198019814,0.6128808864265929,0.23121387283236994,0.879546809779368,0.5827633378932969
frozenset({'color-contrast'}),"frozenset({'frame-title', 'link-name'})",0.4207920792079208,0.10396039603960396,0.09653465346534654,0.22941176470588237,2.2067226890756304,1.0,0.052788942260562695,1.162799486055476,0.9441157133464825,0.22543352601156066,0.1400064998375041,0.5789915966386555
"frozenset({'frame-title', 'link-name'})",frozenset({'color-contrast'}),0.10396039603960396,0.4207920792079208,0.09653465346534654,0.9285714285714286,2.2067226890756304,1.0,0.052788942260562695,8.108910891089113,0.610284742881428,0.22543352601156066,0.8766788766788768,0.5789915966386555
frozenset({'image-alt'}),frozenset({'heading-order'}),0.20297029702970298,0.23267326732673269,0.10148514851485149,0.5,2.148936170212766,1.0,0.054259386334673074,1.5346534653465347,0.6708074534161491,0.30370370370370364,0.34838709677419355,0.46808510638297873
"frozenset({'button-name', 'image-alt'})",frozenset({'heading-order'}),0.10891089108910891,0.23267326732673269,0.054455445544554455,0.5,2.148936170212766,1.0,0.02911479266738555,1.5346534653465347,0.6,0.1896551724137931,0.34838709677419355,0.3670212765957447
frozenset({'heading-order'}),frozenset({'image-alt'}),0.23267326732673269,0.20297029702970298,0.10148514851485149,0.43617021276595747,2.148936170212766,1.0,0.054259386334673074,1.413599850551093,0.696774193548387,0.30370370370370364,0.2925862296815118,0.46808510638297873
frozenset({'heading-order'}),"frozenset({'button-name', 'image-alt'})",0.23267326732673269,0.10891089108910891,0.054455445544554455,0.23404255319148934,2.1489361702127656,1.0,0.02911479266738555,1.1633663366336633,0.696774193548387,0.1896551724137931,0.14042553191489357,0.3670212765957447
"frozenset({'target-size', 'link-name', 'color-contrast'})",frozenset({'heading-order'}),0.12871287128712872,0.23267326732673269,0.06188118811881188,0.4807692307692307,2.0662847790507364,1.0,0.03193314380943044,1.4778144481114777,0.5922727272727272,0.2066115702479339,0.3233250620347394,0.3733633387888707
frozenset({'heading-order'}),"frozenset({'target-size', 'link-name', 'color-contrast'})",0.23267326732673269,0.12871287128712872,0.06188118811881188,0.26595744680851063,2.0662847790507364,1.0,0.03193314380943044,1.1869708710001434,0.672516129032258,0.2066115702479339,0.1575193423597679,0.3733633387888707
frozenset({'link-name'}),"frozenset({'button-name', 'landmark-one-main'})",0.48514851485148514,0.07425742574257425,0.07425742574257425,0.15306122448979592,2.0612244897959187,1.0,0.03823154592686991,1.0930454491232258,1.0,0.15306122448979592,0.0851249590745389,0.576530612244898
frozenset({'link-name'}),"frozenset({'button-name', 'heading-order'})",0.48514851485148514,0.0891089108910891,0.0891089108910891,0.1836734693877551,2.0612244897959187,1.0,0.0458778551122439,1.115841584158416,1.0,0.1836734693877551,0.10381543921916594,0.5918367346938775
frozenset({'link-name'}),"frozenset({'button-name', 'color-contrast'})",0.48514851485148514,0.10643564356435643,0.10643564356435643,0.2193877551020408,2.061224489795918,1.0,0.05479854916184688,1.1446968226234389,1.0,0.2193877551020408,0.12640624116682683,0.6096938775510204
frozenset({'link-name'}),"frozenset({'accesskeys', 'target-size'})",0.48514851485148514,0.05198019801980198,0.05198019801980198,0.10714285714285714,2.061224489795918,1.0,0.02676208214880894,1.0617821782178216,1.0,0.10714285714285712,0.05818724356583364,0.5535714285714286
"frozenset({'accesskeys', 'target-size'})",frozenset({'link-name'}),0.05198019801980198,0.48514851485148514,0.05198019801980198,1.0,2.061224489795918,1.0,0.02676208214880894,inf,0.5430809399477807,0.10714285714285712,1.0,0.5535714285714286
"frozenset({'button-name', 'landmark-one-main'})",frozenset({'link-name'}),0.07425742574257425,0.48514851485148514,0.07425742574257425,1.0,2.061224489795918,1.0,0.03823154592686991,inf,0.5561497326203209,0.15306122448979592,1.0,0.576530612244898
"frozenset({'button-name', 'heading-order'})",frozenset({'link-name'}),0.0891089108910891,0.48514851485148514,0.0891089108910891,1.0,2.061224489795918,1.0,0.0458778551122439,inf,0.5652173913043478,0.1836734693877551,1.0,0.5918367346938775
"frozenset({'button-name', 'color-contrast'})",frozenset({'link-name'}),0.10643564356435643,0.48514851485148514,0.10643564356435643,1.0,2.061224489795918,1.0,0.05479854916184688,inf,0.5761772853185596,0.2193877551020408,1.0,0.6096938775510204
"frozenset({'heading-order', 'image-alt'})",frozenset({'link-name'}),0.10148514851485149,0.48514851485148514,0.10148514851485149,1.0,2.061224489795918,1.0,0.05224977943338889,inf,0.5730027548209367,0.20918367346938777,1.0,0.6045918367346939
"frozenset({'target-size', 'button-name', 'color-contrast'})",frozenset({'link-name'}),0.054455445544554455,0.48514851485148514,0.054455445544554455,1.0,2.061224489795918,1.0,0.028036467013037938,inf,0.5445026178010471,0.11224489795918366,1.0,0.5561224489795918
frozenset({'link-name'}),"frozenset({'target-size', 'button-name', 'color-contrast'})",0.48514851485148514,0.054455445544554455,0.054455445544554455,0.11224489795918367,2.061224489795918,1.0,0.028036467013037938,1.0650961647888926,1.0,0.11224489795918366,0.061117640773586925,0.5561224489795918
frozenset({'link-name'}),"frozenset({'heading-order', 'image-alt'})",0.48514851485148514,0.10148514851485149,0.10148514851485149,0.20918367346938777,2.061224489795918,1.0,0.05224977943338889,1.1361865218779943,1.0,0.20918367346938777,0.11986282116152246,0.6045918367346939
"frozenset({'button-name', 'heading-order', 'image-alt'})",frozenset({'link-name'}),0.054455445544554455,0.48514851485148514,0.054455445544554455,1.0,2.061224489795918,1.0,0.028036467013037938,inf,0.5445026178010471,0.11224489795918366,1.0,0.5561224489795918
frozenset({'link-name'}),"frozenset({'button-name', 'heading-order', 'image-alt'})",0.48514851485148514,0.054455445544554455,0.054455445544554455,0.11224489795918367,2.061224489795918,1.0,0.028036467013037938,1.0650961647888926,1.0,0.11224489795918366,0.061117640773586925,0.5561224489795918
frozenset({'frame-title'}),frozenset({'link-name'}),0.10643564356435643,0.48514851485148514,0.10396039603960396,0.9767441860465116,2.0132890365448506,1.0,0.0523233016370944,22.1386138613861,0.5632502308402585,0.2131979695431472,0.9548300536672629,0.5955149501661129
frozenset({'link-name'}),frozenset({'frame-title'}),0.48514851485148514,0.10643564356435643,0.10396039603960396,0.21428571428571427,2.0132890365448506,1.0,0.0523233016370944,1.1372637263726373,0.9775641025641025,0.2131979695431472,0.12069647803719824,0.5955149501661129
"frozenset({'landmark-one-main', 'image-alt'})",frozenset({'link-name'}),0.10148514851485149,0.48514851485148514,0.09900990099009901,0.975609756097561,2.0109507217521156,1.0,0.04977453190863641,21.108910891089092,0.559504132231405,0.20304568527918784,0.9526266416510318,0.5898456943753111
frozenset({'link-name'}),"frozenset({'landmark-one-main', 'image-alt'})",0.48514851485148514,0.10148514851485149,0.09900990099009901,0.20408163265306123,2.010950721752115,1.0,0.04977453190863641,1.128903274942879,0.9764423076923077,0.20304568527918784,0.11418451678191938,0.5898456943753111
frozenset({'link-name'}),"frozenset({'frame-title', 'color-contrast'})",0.48514851485148514,0.09900990099009901,0.09653465346534654,0.1989795918367347,2.0096938775510202,1.0,0.048500147044407416,1.124802926152488,0.9758382642998029,0.19796954314720813,0.11095537115945278,0.5869897959183673
"frozenset({'frame-title', 'color-contrast'})",frozenset({'link-name'}),0.09900990099009901,0.48514851485148514,0.09653465346534654,0.975,2.0096938775510202,1.0,0.048500147044407416,20.594059405940577,0.557621865314173,0.19796954314720813,0.9514423076923076,0.5869897959183673
"frozenset({'image-alt', 'color-contrast'})",frozenset({'link-name'}),0.09405940594059406,0.48514851485148514,0.09158415841584158,0.9736842105263158,2.0069817400644467,1.0,0.045951377315949414,19.564356435643585,0.5538325210456357,0.18781725888324874,0.9488866396761134,0.5812298603651987
frozenset({'link-name'}),"frozenset({'image-alt', 'color-contrast'})",0.48514851485148514,0.09405940594059406,0.09158415841584158,0.18877551020408162,2.0069817400644467,1.0,0.045951377315949414,1.1167569587147392,0.9745322245322244,0.18781725888324874,0.10455001672800265,0.5812298603651987
frozenset({'link-name'}),"frozenset({'target-size', 'heading-order'})",0.48514851485148514,0.08415841584158416,0.08168316831683169,0.16836734693877553,2.0006002400960385,1.0,0.04085383785903343,1.1012573650003037,0.9714452214452214,0.16751269035532998,0.09194704908990625,0.5694777911164466
"frozenset({'target-size', 'heading-order'})",frozenset({'link-name'}),0.08415841584158416,0.48514851485148514,0.08168316831683169,0.9705882352941176,2.0006002400960385,1.0,0.04085383785903343,17.504950495049503,0.546109746109746,0.16751269035532998,0.9428733031674208,0.5694777911164466
"frozenset({'landmark-one-main', 'color-contrast'})",frozenset({'link-name'}),0.08415841584158416,0.48514851485148514,0.08168316831683169,0.9705882352941176,2.0006002400960385,1.0,0.04085383785903343,17.504950495049503,0.546109746109746,0.16751269035532998,0.9428733031674208,0.5694777911164466
frozenset({'link-name'}),"frozenset({'landmark-one-main', 'color-contrast'})",0.48514851485148514,0.08415841584158416,0.08168316831683169,0.16836734693877553,2.0006002400960385,1.0,0.04085383785903343,1.1012573650003037,0.9714452214452214,0.16751269035532998,0.09194704908990625,0.5694777911164466
frozenset({'link-name'}),"frozenset({'target-size', 'image-alt'})",0.48514851485148514,0.07425742574257425,0.07178217821782178,0.14795918367346939,1.9925170068027211,1.0,0.035756298402117435,1.0865002667931465,0.9675066312997347,0.14720812182741116,0.0796136636472771,0.557312925170068
"frozenset({'target-size', 'image-alt'})",frozenset({'link-name'}),0.07425742574257425,0.48514851485148514,0.07178217821782178,0.9666666666666667,1.9925170068027211,1.0,0.035756298402117435,15.445544554455449,0.5380785543057347,0.14720812182741116,0.9352564102564103,0.557312925170068
frozenset({'link-name'}),frozenset({'image-alt'}),0.48514851485148514,0.20297029702970298,0.19554455445544555,0.4030612244897959,1.985813837730214,1.0,0.09707381629252035,1.3351950579673353,0.9642161635832522,0.39698492462311563,0.25104575991887434,0.6832379293180687
frozenset({'image-alt'}),frozenset({'link-name'}),0.20297029702970298,0.48514851485148514,0.19554455445544555,0.9634146341463414,1.985813837730214,1.0,0.09707381629252035,14.07260726072606,0.6228477081531567,0.39698492462311563,0.9289399624765478,0.6832379293180687
frozenset({'link-name'}),"frozenset({'target-size', 'heading-order', 'color-contrast'})",0.48514851485148514,0.06435643564356436,0.06188118811881188,0.12755102040816327,1.9819466248037676,1.0,0.03065875894520145,1.0724335591453882,0.9623076923076923,0.12690355329949238,0.06754130223517979,0.5445447409733124
"frozenset({'target-size', 'heading-order', 'color-contrast'})",frozenset({'link-name'}),0.06435643564356436,0.48514851485148514,0.06188118811881188,0.9615384615384615,1.9819466248037676,1.0,0.03065875894520145,13.386138613861357,0.5295238095238095,0.12690355329949238,0.9252958579881655,0.5445447409733124
frozenset({'link-name'}),"frozenset({'button-name', 'image-alt'})",0.48514851485148514,0.10891089108910891,0.10396039603960396,0.21428571428571427,1.9675324675324675,1.0,0.05112243897657092,1.1341134113411342,0.9551282051282051,0.21212121212121213,0.11825396825396824,0.5844155844155844
"frozenset({'button-name', 'image-alt'})",frozenset({'link-name'}),0.10891089108910891,0.48514851485148514,0.10396039603960396,0.9545454545454545,1.9675324675324675,1.0,0.05112243897657092,11.32673267326731,0.5518518518518518,0.21212121212121213,0.9117132867132866,0.5844155844155844
frozenset({'link-in-text-block'}),frozenset({'target-size'}),0.09653465346534654,0.3069306930693069,0.054455445544554455,0.5641025641025641,1.837882547559967,1.0,0.02482599745123027,1.589982527664531,0.5046077210460772,0.15602836879432622,0.3710622710622711,0.3707609594706369
frozenset({'target-size'}),frozenset({'link-in-text-block'}),0.3069306930693069,0.09653465346534654,0.054455445544554455,0.1774193548387097,1.837882547559967,1.0,0.02482599745123027,1.098330421277422,0.6577922077922078,0.15602836879432622,0.0895271763146266,0.3707609594706369
frozenset({'heading-order'}),"frozenset({'target-size', 'color-contrast'})",0.23267326732673269,0.15099009900990099,0.06435643564356436,0.2765957446808511,1.8318800139518663,1.0,0.029225075972943833,1.1736313337216076,0.5918114143920596,0.20155038759689922,0.14794367595062344,0.35141262643878624
"frozenset({'target-size', 'color-contrast'})",frozenset({'heading-order'}),0.15099009900990099,0.23267326732673269,0.06435643564356436,0.42622950819672134,1.831880013951866,1.0,0.029225075972943833,1.3373408769448374,0.5348732899753308,0.20155038759689922,0.2522474881015336,0.35141262643878624
frozenset({'color-contrast'}),"frozenset({'target-size', 'heading-order'})",0.4207920792079208,0.08415841584158416,0.06435643564356436,0.15294117647058825,1.8173010380622838,1.0,0.02894324085873934,1.0812018701870187,0.7764628533859301,0.14606741573033707,0.0751033386327504,0.4588235294117647
"frozenset({'target-size', 'heading-order'})",frozenset({'color-contrast'}),0.08415841584158416,0.4207920792079208,0.06435643564356436,0.7647058823529411,1.8173010380622836,1.0,0.02894324085873934,2.4616336633663365,0.49106029106029103,0.14606741573033707,0.5937657114127701,0.4588235294117647
"frozenset({'target-size', 'heading-order', 'link-name'})",frozenset({'color-contrast'}),0.08168316831683169,0.4207920792079208,0.06188118811881188,0.7575757575757576,1.8003565062388591,1.0,0.02750955788648172,2.389232673267327,0.4840970350404313,0.1404494382022472,0.5814555814555814,0.4523172905525847
frozenset({'color-contrast'}),"frozenset({'target-size', 'heading-order', 'link-name'})",0.4207920792079208,0.08168316831683169,0.06188118811881188,0.14705882352941177,1.8003565062388591,1.0,0.02750955788648172,1.0766473199044042,0.7675213675213675,0.1404494382022472,0.07119074044712224,0.4523172905525847
frozenset({'link-name'}),"frozenset({'target-size', 'color-contrast'})",0.48514851485148514,0.15099009900990099,0.12871287128712872,0.2653061224489796,1.7571094011375044,1.0,0.055460248995196554,1.1555968096809681,0.8369082840236686,0.25365853658536586,0.13464627833640747,0.5588825694212112
"frozenset({'target-size', 'color-contrast'})",frozenset({'link-name'}),0.15099009900990099,0.48514851485148514,0.12871287128712872,0.8524590163934427,1.7571094011375044,1.0,0.055460248995196554,3.489548954895491,0.5075128952679974,0.25365853658536586,0.7134300126103406,0.5588825694212112
"frozenset({'button-name', 'link-name'})",frozenset({'heading-order'}),0.22772277227722773,0.23267326732673269,0.0891089108910891,0.3913043478260869,1.6817761332099905,1.0,0.03612390942064503,1.2606082036775106,0.5249287749287749,0.24,0.20673211781206163,0.38714153561517106
frozenset({'heading-order'}),"frozenset({'button-name', 'link-name'})",0.23267326732673269,0.22772277227722773,0.0891089108910891,0.38297872340425526,1.6817761332099905,1.0,0.03612390942064503,1.2516217138955272,0.5283154121863799,0.24,0.2010365521003818,0.38714153561517106
"frozenset({'button-name', 'color-contrast'})",frozenset({'target-size'}),0.10643564356435643,0.3069306930693069,0.054455445544554455,0.5116279069767442,1.6669167291822957,1.0,0.02178707969806882,1.419141914191419,0.447746159657517,0.15172413793103448,0.2953488372093024,0.344523630907727
frozenset({'target-size'}),"frozenset({'button-name', 'color-contrast'})",0.3069306930693069,0.10643564356435643,0.054455445544554455,0.1774193548387097,1.6669167291822957,1.0,0.02178707969806882,1.0862939235099982,0.5772727272727274,0.15172413793103448,0.07943883477794658,0.344523630907727
frozenset({'target-size'}),"frozenset({'button-name', 'link-name', 'color-contrast'})",0.3069306930693069,0.10643564356435643,0.054455445544554455,0.1774193548387097,1.6669167291822957,1.0,0.02178707969806882,1.0862939235099982,0.5772727272727274,0.15172413793103448,0.07943883477794658,0.344523630907727
"frozenset({'button-name', 'link-name', 'color-contrast'})",frozenset({'target-size'}),0.10643564356435643,0.3069306930693069,0.054455445544554455,0.5116279069767442,1.6669167291822957,1.0,0.02178707969806882,1.419141914191419,0.447746159657517,0.15172413793103448,0.2953488372093024,0.344523630907727
"frozenset({'target-size', 'button-name'})",frozenset({'link-name'}),0.12871287128712872,0.48514851485148514,0.10396039603960396,0.8076923076923076,1.6648351648351647,1.0,0.041515537692383093,2.677227722772276,0.45833333333333326,0.20388349514563106,0.6264792899408282,0.510989010989011
frozenset({'link-name'}),"frozenset({'target-size', 'button-name'})",0.48514851485148514,0.12871287128712872,0.10396039603960396,0.21428571428571427,1.6648351648351647,1.0,0.041515537692383093,1.108910891089109,0.7756410256410255,0.20388349514563106,0.0982142857142857,0.510989010989011
frozenset({'color-contrast'}),frozenset({'link-in-text-block'}),0.4207920792079208,0.09653465346534654,0.06683168316831684,0.15882352941176472,1.6452488687782807,1.0,0.02621066562101755,1.074049712663574,0.6771130104463438,0.14835164835164835,0.0689443996776793,0.4255656108597285
frozenset({'link-in-text-block'}),frozenset({'color-contrast'}),0.09653465346534654,0.4207920792079208,0.06683168316831684,0.6923076923076923,1.6452488687782805,1.0,0.02621066562101755,1.8824257425742577,0.43409436834094367,0.14835164835164835,0.46877054569362253,0.4255656108597285
"frozenset({'target-size', 'link-name'})",frozenset({'image-alt'}),0.21534653465346534,0.20297029702970298,0.07178217821782178,0.3333333333333333,1.6422764227642275,1.0,0.028073228114890686,1.1955445544554455,0.4984227129337538,0.2071428571428571,0.16356107660455482,0.34349593495934955
frozenset({'image-alt'}),"frozenset({'target-size', 'link-name'})",0.20297029702970298,0.21534653465346534,0.07178217821782178,0.3536585365853658,1.6422764227642273,1.0,0.028073228114890686,1.2139921539323741,0.4906832298136644,0.2071428571428571,0.17627144725705923,0.34349593495934955
"frozenset({'target-size', 'link-name'})",frozenset({'heading-order'}),0.21534653465346534,0.23267326732673269,0.08168316831683169,0.37931034482758624,1.6302274394717535,1.0,0.03157778649152044,1.2362486248624864,0.49268712360195,0.222972972972973,0.19110122358175755,0.3651870873074101
frozenset({'heading-order'}),"frozenset({'target-size', 'link-name'})",0.23267326732673269,0.21534653465346534,0.08168316831683169,0.35106382978723405,1.6302274394717535,1.0,0.03157778649152044,1.2091381269274468,0.5038123167155425,0.222972972972973,0.17296462849855695,0.3651870873074101
frozenset({'target-size'}),"frozenset({'heading-order', 'color-contrast'})",0.3069306930693069,0.12871287128712872,0.06435643564356436,0.20967741935483872,1.6290322580645162,1.0,0.024850504852465448,1.1024449383713881,0.5571428571428573,0.17333333333333334,0.09292521994134897,0.3548387096774194
"frozenset({'heading-order', 'color-contrast'})",frozenset({'target-size'}),0.12871287128712872,0.3069306930693069,0.06435643564356436,0.5,1.6290322580645162,1.0,0.024850504852465448,1.386138613861386,0.44318181818181823,0.17333333333333334,0.2785714285714286,0.3548387096774194
frozenset({'image-alt'}),"frozenset({'link-name', 'color-contrast'})",0.20297029702970298,0.27722772277227725,0.09158415841584158,0.4512195121951219,1.6276132404181183,1.0,0.03531516517988431,1.3170517051705168,0.48380057075709226,0.23566878980891717,0.24072836618777138,0.39078832752613235
"frozenset({'link-name', 'color-contrast'})",frozenset({'image-alt'}),0.27722772277227725,0.20297029702970298,0.09158415841584158,0.3303571428571428,1.627613240418118,1.0,0.03531516517988431,1.19023102310231,0.5335061088485744,0.23566878980891717,0.15982697426796796,0.39078832752613235
frozenset({'accesskeys'}),frozenset({'link-name'}),0.06930693069306931,0.48514851485148514,0.054455445544554455,0.7857142857142856,1.6195335276967928,1.0,0.020831291049897067,2.402640264026401,0.41102514506769827,0.10891089108910891,0.5837912087912086,0.44897959183673464
frozenset({'link-name'}),frozenset({'accesskeys'}),0.48514851485148514,0.06930693069306931,0.054455445544554455,0.11224489795918367,1.6195335276967928,1.0,0.020831291049897067,1.0483669056560827,0.7430069930069929,0.10891089108910891,0.046135475466782455,0.44897959183673464
"frozenset({'button-name', 'link-name'})","frozenset({'target-size', 'color-contrast'})",0.22772277227722773,0.15099009900990099,0.054455445544554455,0.23913043478260868,1.5837491090520313,1.0,0.020071561611606704,1.1158415841584157,0.4772727272727273,0.16793893129770993,0.10381543921916592,0.2998930862437634
"frozenset({'target-size', 'color-contrast'})","frozenset({'button-name', 'link-name'})",0.15099009900990099,0.22772277227722773,0.054455445544554455,0.36065573770491804,1.5837491090520313,1.0,0.020071561611606704,1.2079207920792079,0.4341372912801484,0.16793893129770993,0.1721311475409836,0.2998930862437634
frozenset({'target-size'}),"frozenset({'heading-order', 'link-name'})",0.3069306930693069,0.16831683168316833,0.08168316831683169,0.26612903225806456,1.5811195445920305,1.0,0.030021566513086954,1.1332825590251332,0.5303030303030304,0.2075471698113208,0.11760752688172048,0.3757115749525617
"frozenset({'heading-order', 'link-name'})",frozenset({'target-size'}),0.16831683168316833,0.3069306930693069,0.08168316831683169,0.4852941176470588,1.5811195445920303,1.0,0.030021566513086954,1.3465346534653466,0.44191919191919193,0.2075471698113208,0.2573529411764706,0.3757115749525617
"frozenset({'heading-order', 'landmark-one-main'})",frozenset({'link-name'}),0.07178217821782178,0.48514851485148514,0.054455445544554455,0.7586206896551725,1.5636875439831106,1.0,0.019630428389373594,2.1329561527581338,0.3883636363636364,0.10837438423645322,0.5311671087533159,0.4354327938071781
frozenset({'link-name'}),"frozenset({'heading-order', 'landmark-one-main'})",0.48514851485148514,0.07178217821782178,0.054455445544554455,0.11224489795918367,1.5636875439831106,1.0,0.019630428389373594,1.0455786958006146,0.7001748251748253,0.10837438423645322,0.043591836734693884,0.4354327938071781
"frozenset({'target-size', 'button-name'})","frozenset({'link-name', 'color-contrast'})",0.12871287128712872,0.27722772277227725,0.054455445544554455,0.4230769230769231,1.526098901098901,1.0,0.01877266934614253,1.252805280528053,0.3956611570247933,0.15492957746478872,0.20179135932560588,0.30975274725274726
"frozenset({'link-name', 'color-contrast'})","frozenset({'target-size', 'button-name'})",0.27722772277227725,0.12871287128712872,0.054455445544554455,0.1964285714285714,1.5260989010989008,1.0,0.01877266934614253,1.0842684268426843,0.47696139476961386,0.15492957746478872,0.0777191558441558,0.30975274725274726
frozenset({'target-size'}),"frozenset({'link-name', 'color-contrast'})",0.3069306930693069,0.27722772277227725,0.12871287128712872,0.41935483870967744,1.5126728110599077,1.0,0.04362317419860798,1.244774477447745,0.489010989010989,0.2826086956521739,0.19664162615996464,0.44182027649769584
"frozenset({'link-name', 'color-contrast'})",frozenset({'target-size'}),0.27722772277227725,0.3069306930693069,0.12871287128712872,0.46428571428571425,1.5126728110599077,1.0,0.04362317419860798,1.2937293729372934,0.46891464699683877,0.2826086956521739,0.2270408163265306,0.44182027649769584
frozenset({'heading-order'}),frozenset({'link-name'}),0.23267326732673269,0.48514851485148514,0.16831683168316833,0.723404255319149,1.4910985670864092,1.0,0.05543574159396139,1.8613861386138617,0.4292220113851993,0.30630630630630634,0.4627659574468086,0.5351715154146766
frozenset({'link-name'}),frozenset({'heading-order'}),0.48514851485148514,0.23267326732673269,0.16831683168316833,0.34693877551020413,1.4910985670864092,1.0,0.05543574159396139,1.1749690594059408,0.6397058823529412,0.30630630630630634,0.14891375905200796,0.5351715154146766
"frozenset({'button-name', 'link-name'})",frozenset({'target-size'}),0.22772277227722773,0.3069306930693069,0.10396039603960396,0.45652173913043476,1.4873772791023843,1.0,0.03406528771689049,1.2752475247524753,0.4242979242979242,0.24137931034482754,0.21583850931677018,0.3976157082748948
frozenset({'target-size'}),"frozenset({'button-name', 'link-name'})",0.3069306930693069,0.22772277227722773,0.10396039603960396,0.3387096774193548,1.487377279102384,1.0,0.03406528771689049,1.1678338565563873,0.47278911564625836,0.24137931034482754,0.14371381306865175,0.3976157082748948
frozenset({'target-size'}),frozenset({'link-name'}),0.3069306930693069,0.48514851485148514,0.21534653465346534,0.7016129032258065,1.446181698485846,1.0,0.06643956474855406,1.7254482204977257,0.4451559934318555,0.3733905579399141,0.42044044665012414,0.5727452271231073
frozenset({'link-name'}),frozenset({'target-size'}),0.48514851485148514,0.3069306930693069,0.21534653465346534,0.44387755102040816,1.446181698485846,1.0,0.06643956474855406,1.2462530656735398,0.5992484526967286,0.3733905579399141,0.19759475218658892,0.5727452271231073
frozenset({'color-contrast'}),"frozenset({'target-size', 'link-name'})",0.4207920792079208,0.21534653465346534,0.12871287128712872,0.3058823529411765,1.4204192021636242,1.0,0.03809675522007647,1.1304329585500923,0.5110124917817225,0.25365853658536586,0.11538318797550569,0.45179175118323195
"frozenset({'target-size', 'link-name'})",frozenset({'color-contrast'}),0.21534653465346534,0.4207920792079208,0.12871287128712872,0.5977011494252874,1.4204192021636242,1.0,0.03809675522007647,1.43974540311174,0.3772142683814608,0.25365853658536586,0.30543275370861583,0.45179175118323195
frozenset({'link-name'}),"frozenset({'heading-order', 'color-contrast'})",0.48514851485148514,0.12871287128712872,0.08663366336633663,0.17857142857142858,1.3873626373626373,1.0,0.024188805019115765,1.0606973740852346,0.5423076923076922,0.16431924882629106,0.057224025974025976,0.4258241758241758
"frozenset({'heading-order', 'color-contrast'})",frozenset({'link-name'}),0.12871287128712872,0.48514851485148514,0.08663366336633663,0.673076923076923,1.3873626373626373,1.0,0.024188805019115765,1.5748398369248686,0.3204545454545454,0.16431924882629106,0.3650147928994082,0.4258241758241758
"frozenset({'link-name', 'image-alt'})",frozenset({'landmark-one-main'}),0.19554455445544555,0.3712871287128713,0.09900990099009901,0.5063291139240507,1.3637130801687765,1.0,0.02640672483089894,1.2735465854277737,0.3315384615384616,0.2116402116402116,0.2147911890760491,0.38649789029535864
frozenset({'landmark-one-main'}),"frozenset({'link-name', 'image-alt'})",0.3712871287128713,0.19554455445544555,0.09900990099009901,0.26666666666666666,1.3637130801687762,1.0,0.02640672483089894,1.096984698469847,0.42421259842519693,0.2116402116402116,0.08841025641025639,0.38649789029535864
frozenset({'color-contrast'}),frozenset({'link-name'}),0.4207920792079208,0.48514851485148514,0.27722772277227725,0.6588235294117648,1.3579831932773112,1.0,0.07308107048328599,1.5090474564697853,0.45512820512820534,0.4409448818897639,0.33733031674208164,0.6151260504201681
frozenset({'link-name'}),frozenset({'color-contrast'}),0.48514851485148514,0.4207920792079208,0.27722772277227725,0.5714285714285715,1.3579831932773112,1.0,0.07308107048328599,1.3514851485148518,0.512019230769231,0.4409448818897639,0.2600732600732602,0.6151260504201681
frozenset({'image-alt'}),frozenset({'landmark-one-main'}),0.20297029702970298,0.3712871287128713,0.10148514851485149,0.5,1.3466666666666667,1.0,0.02612488971669444,1.2574257425742574,0.3229813664596273,0.21465968586387432,0.2047244094488189,0.3866666666666667
frozenset({'landmark-one-main'}),frozenset({'image-alt'}),0.3712871287128713,0.20297029702970298,0.10148514851485149,0.2733333333333334,1.3466666666666667,1.0,0.02612488971669444,1.096829866472886,0.40944881889763773,0.21465968586387432,0.08828157349896483,0.3866666666666667
"frozenset({'link-name', 'color-contrast'})",frozenset({'heading-order'}),0.27722772277227725,0.23267326732673269,0.08663366336633663,0.31249999999999994,1.3430851063829785,1.0,0.02213018331536122,1.1161116111611162,0.3534246575342463,0.20467836257309938,0.10403225806451603,0.34242021276595735
frozenset({'heading-order'}),"frozenset({'link-name', 'color-contrast'})",0.23267326732673269,0.27722772277227725,0.08663366336633663,0.3723404255319148,1.3430851063829783,1.0,0.02213018331536122,1.1515354925323038,0.3329032258064514,0.20467836257309938,0.13159428737977252,0.34242021276595735
frozenset({'button-name'}),frozenset({'image-alt'}),0.40594059405940597,0.20297029702970298,0.10891089108910891,0.26829268292682923,1.3218322427126707,1.0,0.0265170081364572,1.0892739273927394,0.4098484848484847,0.21782178217821777,0.08195727920012112,0.4024390243902438
frozenset({'image-alt'}),frozenset({'button-name'}),0.20297029702970298,0.40594059405940597,0.10891089108910891,0.5365853658536585,1.3218322427126707,1.0,0.0265170081364572,1.2819176654507554,0.30547713156408796,0.21782178217821777,0.2199186991869917,0.4024390243902438
"frozenset({'heading-order', 'image-alt'})",frozenset({'button-name'}),0.10148514851485149,0.40594059405940597,0.054455445544554455,0.5365853658536585,1.3218322427126707,1.0,0.0132585040682286,1.2819176654507554,0.2709742048585023,0.12021857923497267,0.2199186991869917,0.33536585365853655
frozenset({'button-name'}),"frozenset({'heading-order', 'image-alt'})",0.40594059405940597,0.10148514851485149,0.054455445544554455,0.13414634146341461,1.3218322427126707,1.0,0.0132585040682286,1.03772137777158,0.4098484848484847,0.12021857923497267,0.0363501982127259,0.33536585365853655
frozenset({'button-name'}),"frozenset({'heading-order', 'link-name', 'image-alt'})",0.40594059405940597,0.10148514851485149,0.054455445544554455,0.13414634146341461,1.3218322427126707,1.0,0.0132585040682286,1.03772137777158,0.4098484848484847,0.12021857923497267,0.0363501982127259,0.33536585365853655
"frozenset({'heading-order', 'link-name', 'image-alt'})",frozenset({'button-name'}),0.10148514851485149,0.40594059405940597,0.054455445544554455,0.5365853658536585,1.3218322427126707,1.0,0.0132585040682286,1.2819176654507554,0.2709742048585023,0.12021857923497267,0.2199186991869917,0.33536585365853655
frozenset({'color-contrast'}),frozenset({'heading-order'}),0.4207920792079208,0.23267326732673269,0.12871287128712872,0.3058823529411765,1.3146433041301628,1.0,0.030805803352612487,1.1054707165631819,0.41321499013806695,0.24528301886792453,0.09540796963946871,0.4295369211514393
frozenset({'heading-order'}),frozenset({'color-contrast'}),0.23267326732673269,0.4207920792079208,0.12871287128712872,0.5531914893617021,1.3146433041301628,1.0,0.030805803352612487,1.2963224893917966,0.3119106699751861,0.24528301886792453,0.22858701582105842,0.4295369211514393
"frozenset({'link-name', 'image-alt'})",frozenset({'button-name'}),0.19554455445544555,0.40594059405940597,0.10396039603960396,0.5316455696202531,1.309663476381599,1.0,0.02458092343887852,1.268397109981268,0.2939194139194137,0.20895522388059695,0.21160337552742603,0.39387156529793144
frozenset({'button-name'}),"frozenset({'link-name', 'image-alt'})",0.40594059405940597,0.19554455445544555,0.10396039603960396,0.2560975609756097,1.3096634763815989,1.0,0.02458092343887852,1.0813991235189093,0.3980158730158727,0.20895522388059695,0.07527204502814251,0.39387156529793144
frozenset({'button-name'}),"frozenset({'heading-order', 'link-name'})",0.40594059405940597,0.16831683168316833,0.0891089108910891,0.2195121951219512,1.30416068866571,1.0,0.020782276247426706,1.0655940594059405,0.3925925925925923,0.18367346938775506,0.061556329849012735,0.3744619799139167
"frozenset({'heading-order', 'link-name'})",frozenset({'button-name'}),0.16831683168316833,0.40594059405940597,0.0891089108910891,0.5294117647058822,1.3041606886657098,1.0,0.020782276247426706,1.262376237623762,0.28042328042328024,0.18367346938775506,0.20784313725490175,0.3744619799139167
frozenset({'heading-order'}),"frozenset({'link-name', 'landmark-one-main'})",0.23267326732673269,0.18316831683168316,0.054455445544554455,0.23404255319148934,1.2777458309373202,1.0,0.011837074796588569,1.0664191419141915,0.28328445747800585,0.1506849315068493,0.06228239845261119,0.2656699252443933
"frozenset({'link-name', 'landmark-one-main'})",frozenset({'heading-order'}),0.18316831683168316,0.23267326732673269,0.054455445544554455,0.2972972972972973,1.2777458309373202,1.0,0.011837074796588569,1.091964965727342,0.2661157024793388,0.1506849315068493,0.08421970357454228,0.2656699252443933
frozenset({'color-contrast'}),"frozenset({'target-size', 'link-name', 'button-name'})",0.4207920792079208,0.10396039603960396,0.054455445544554455,0.12941176470588237,1.2448179271708686,1.0,0.010709734339770613,1.0292346802247792,0.33954933954933963,0.11578947368421053,0.0284042898927527,0.3266106442577031
"frozenset({'target-size', 'link-name', 'button-name'})",frozenset({'color-contrast'}),0.10396039603960396,0.4207920792079208,0.054455445544554455,0.5238095238095238,1.2448179271708684,1.0,0.010709734339770613,1.2163366336633665,0.2194876946258162,0.11578947368421053,0.1778591778591779,0.3266106442577031
"frozenset({'heading-order', 'link-name'})",frozenset({'color-contrast'}),0.16831683168316833,0.4207920792079208,0.08663366336633663,0.5147058823529411,1.2231833910034602,1.0,0.01580727379668659,1.1935193519351934,0.21938775510204067,0.17241379310344826,0.16214177978883854,0.36029411764705876
frozenset({'color-contrast'}),"frozenset({'heading-order', 'link-name'})",0.4207920792079208,0.16831683168316833,0.08663366336633663,0.20588235294117646,1.22318339100346,1.0,0.01580727379668659,1.0473047304730472,0.3150183150183148,0.17241379310344826,0.045168067226890735,0.36029411764705876
